page,brand,model,category,size,space,color,price,source,condition,date,article_number,n_of_reviews,rating,delivery_time
1,APPLE,iPhone 15 ,Smartphone,6.1,128 GB,Black,719.,https://www.mediamarkt.ch/de/product/_apple-iphone-15-2203371.html,new,2024-04-06,2203371,(25),4.8,Auslieferung in 1-2 Werktagen
1,APPLE,iPhone 15 Pro Max ,Smartphone,6.7,256 GB,Natural Titanium,1159.,https://www.mediamarkt.ch/de/product/_apple-iphone-15-pro-max-2203429.html,new,2024-04-06,2203429,(32),4.6,"Bestellbar, Auslieferung in 1-2 Werktagen"
1,APPLE,iPhone 14 ,Smartphone,6.1,128 GB,Midnight,619.,https://www.mediamarkt.ch/de/product/_apple-iphone-14-2151025.html,new,2024-04-06,2151025,(12),4.8,"Bestellbar, Auslieferung in 1-2 Werktagen"
1,APPLE,iPhone 15 Pro ,Smartphone,6.1,256 GB,Black Titanium,1051.,https://www.mediamarkt.ch/de/product/_apple-iphone-15-pro-2203408.html,new,2024-04-06,2203408,(14),4.9,"Bestellbar, Auslieferung in 1-2 Werktagen"
1,APPLE,iPhone 15 Pro Max ,Smartphone,6.7,256 GB,Black Titanium,1129.,https://www.mediamarkt.ch/de/product/_apple-iphone-15-pro-max-2203426.html,new,2024-04-06,2203426,(13),4.9,Auslieferung in 1-2 Werktagen
1,APPLE,iPhone 15 ,Smartphone,6.1,128 GB,Blue,730.,https://www.mediamarkt.ch/de/product/_apple-iphone-15-2203374.html,new,2024-04-06,2203374,(8),5.0,Auslieferung in 1-2 Werktagen
1,APPLE,iPhone 11 (2020) ,Smartphone,6.1,64 GB,Black,349.,https://www.mediamarkt.ch/de/product/_apple-iphone-11-2020-2028715.html,new,2024-04-06,2028715,(67),4.7,Auslieferung in 1-4 Werktagen
1,APPLE,iPhone 15 ,Smartphone,6.1,256 GB,Black,816.,https://www.mediamarkt.ch/de/product/_apple-iphone-15-2203376.html,new,2024-04-06,2203376,(4),5.0,Auslieferung in 1-2 Werktagen
1,APPLE,iPhone 14 ,Smartphone,6.1,128 GB,Purple,619.,https://www.mediamarkt.ch/de/product/_apple-iphone-14-2151027.html,new,2024-04-06,2151027,(12),4.8,Auslieferung in 1-2 Werktagen
1,APPLE,iPhone 13 ,Smartphone,6.1,128 GB,Starlight,529.,https://www.mediamarkt.ch/de/product/_apple-iphone-13-2091429.html,new,2024-04-06,2091429,(34),4.7,Auslieferung in bis zu 6 Werktagen
1,XIAOMI,Redmi A2 ,Smartphone,6.52,32 GB,Schwarz,84.95,https://www.mediamarkt.ch/de/product/_xiaomi-redmi-a2-2178004.html,new,2024-04-06,2178004,(10),4.1,Auslieferung in 1-2 Werktagen
1,XIAOMI,Redmi 13C ,Smartphone,6.74,128 GB,Midnight Black,118.9,https://www.mediamarkt.ch/de/product/_xiaomi-redmi-13c-2219843.html,new,2024-04-06,2219843,(3),4.7,"Bestellbar, Auslieferung in 1-2 Werktagen"
1,APPLE,iPhone 14 ,Smartphone,6.1,128 GB,Starlight,619.,https://www.mediamarkt.ch/de/product/_apple-iphone-14-2151026.html,new,2024-04-06,2151026,(24),4.9,Auslieferung in 1-2 Werktagen
1,APPLE,iPhone 15 Pro Max ,Smartphone,6.7,256 GB,White Titanium,1137.,https://www.mediamarkt.ch/de/product/_apple-iphone-15-pro-max-2203427.html,new,2024-04-06,2203427,(9),4.8,"Bestellbar, Auslieferung in 1-2 Werktagen"
1,APPLE,iPhone 15 ,Smartphone,6.1,128 GB,Yellow,699.,https://www.mediamarkt.ch/de/product/_apple-iphone-15-2203373.html,new,2024-04-06,2203373,(0),,
1,APPLE,iPhone 15 Pro ,Smartphone,6.1,256 GB,White Titanium,1039.,https://www.mediamarkt.ch/de/product/_apple-iphone-15-pro-2203409.html,new,2024-04-06,2203409,(1),5.0,"Bestellbar, Auslieferung in 1-2 Werktagen"
1,APPLE,iPhone 15 Pro ,Smartphone,6.1,256 GB,Blue Titanium,1047.,https://www.mediamarkt.ch/de/product/_apple-iphone-15-pro-2203411.html,new,2024-04-06,2203411,(11),4.8,"Bestellbar, Auslieferung in 1-2 Werktagen"
1,SAMSUNG,Galaxy A15 4G ,Smartphone,6.5,128 GB,Blue,174.9,https://www.mediamarkt.ch/de/product/_samsung-galaxy-a15-4g-2221377.html,new,2024-04-06,2221377,(0),,
1,APPLE,iPhone SE ,Smartphone,4.7,128 GB,Midnight,430.95,https://www.mediamarkt.ch/de/product/_apple-iphone-se-2118902.html,new,2024-04-06,2118902,(9),4.4,Auslieferung in 1-4 Werktagen
1,APPLE,iPhone 15 ,Smartphone,6.1,256 GB,Yellow,816.,https://www.mediamarkt.ch/de/product/_apple-iphone-15-2203379.html,new,2024-04-06,2203379,(0),,Auslieferung in 1-2 Werktagen
1,SAMSUNG,Galaxy A15 4G ,Smartphone,6.5,128 GB,Blue Black,169.9,https://www.mediamarkt.ch/de/product/_samsung-galaxy-a15-4g-2221378.html,new,2024-04-06,2221378,(0),,
1,APPLE,iPhone 11 (2020) ,Smartphone,6.1,128 GB,Black,399.,https://www.mediamarkt.ch/de/product/_apple-iphone-11-2020-2028727.html,new,2024-04-06,2028727,(50),4.5,Auslieferung in 1-4 Werktagen
1,APPLE,iPhone 15 Pro ,Smartphone,6.1,128 GB,Natural Titanium,944.,https://www.mediamarkt.ch/de/product/_apple-iphone-15-pro-2203405.html,new,2024-04-06,2203405,(11),4.3,Auslieferung in 1-2 Werktagen
1,APPLE,iPhone 15 ,Smartphone,6.1,256 GB,Blue,829.,https://www.mediamarkt.ch/de/product/_apple-iphone-15-2203380.html,new,2024-04-06,2203380,(1),5.0,Auslieferung in 1-2 Werktagen
2,SAMSUNG,Galaxy S23+ ,Smartphone,6.6,256 GB,Phantom Black,729.,https://www.mediamarkt.ch/de/product/_samsung-galaxy-s23-2167374.html,new,2024-04-06,2167374,(155),4.6,Auslieferung in bis zu 6 Werktagen
2,APPLE,iPhone 15 Pro ,Smartphone,6.1,256 GB,Natural Titanium,1047.,https://www.mediamarkt.ch/de/product/_apple-iphone-15-pro-2203410.html,new,2024-04-06,2203410,(17),4.0,Auslieferung in 1-2 Werktagen
2,SAMSUNG,Galaxy A55 5G ,Smartphone,6.6,256 GB,Awesome Lilac,479.,https://www.mediamarkt.ch/de/product/_samsung-galaxy-a55-5g-2237092.html,new,2024-04-06,2237092,(1),5.0,Auslieferung in bis zu 6 Werktagen
2,NOTHING,phone (2a) ,Smartphone,6.7,128 GB,Weiss,329.95,https://www.mediamarkt.ch/de/product/_nothing-phone-2a-2223932.html,new,2024-04-06,2223932,(0),,"Wir bestellen für Sie den Artikel direkt beim Lieferanten. Sobald der Artikel verfügbar ist, werden Sie per E-Mail informiert."
2,SAMSUNG,Galaxy S23 ,Smartphone,6.1,128 GB,Phantom Black,598.,https://www.mediamarkt.ch/de/product/_samsung-galaxy-s23-2167353.html,new,2024-04-06,2167353,(271),4.4,Auslieferung in bis zu 6 Werktagen
2,NOTHING,phone (2a) ,Smartphone,6.7,256 GB,Schwarz,379.9,https://www.mediamarkt.ch/de/product/_nothing-phone-2a-2223927.html,new,2024-04-06,2223927,(1),5.0,Das Produkt ist online ausverkauft.
2,APPLE,iPhone 15 ,Smartphone,6.1,128 GB,Pink,719.,https://www.mediamarkt.ch/de/product/_apple-iphone-15-2203372.html,new,2024-04-06,2203372,(7),4.4,Auslieferung in 1-2 Werktagen
2,XIAOMI,Redmi Note 13 5G ,Smartphone,6.67,256 GB,Graphite Black,254.95,https://www.mediamarkt.ch/de/product/_xiaomi-redmi-note-13-5g-2220891.html,new,2024-04-06,2220891,(7),4.9,Auslieferung in bis zu 6 Werktagen
2,SAMSUNG,Galaxy Z Flip5 ,Smartphone,6.7,512 GB,Graphite,899.,https://www.mediamarkt.ch/de/product/_samsung-galaxy-z-flip5-2193034.html,new,2024-04-06,2193034,(57),4.5,Auslieferung in 1-2 Werktagen
2,SAMSUNG,Galaxy A54 5G ,Smartphone,6.4,128 GB,Awesome Lime,299.,https://www.mediamarkt.ch/de/product/_samsung-galaxy-a54-5g-2173979.html,new,2024-04-06,2173979,(309),4.4,"Bestellbar, Auslieferung in 1-2 Werktagen"
2,APPLE,iPhone SE (2022) ,Smartphone,4.7,64 GB,Midnight,383.95,https://www.mediamarkt.ch/de/product/_apple-iphone-se-2022-2118897.html,new,2024-04-06,2118897,(8),4.5,Auslieferung in 1-2 Werktagen
2,SAMSUNG,Galaxy A55 5G ,Smartphone,6.6,256 GB,Awesome Navy,479.,https://www.mediamarkt.ch/de/product/_samsung-galaxy-a55-5g-2237090.html,new,2024-04-06,2237090,(0),,Auslieferung in bis zu 7 Werktagen
2,NOTHING,phone (2a) ,Smartphone,6.7,128 GB,Schwarz,329.95,https://www.mediamarkt.ch/de/product/_nothing-phone-2a-2223930.html,new,2024-04-06,2223930,(0),,"Wir bestellen für Sie den Artikel direkt beim Lieferanten. Sobald der Artikel verfügbar ist, werden Sie per E-Mail informiert."
2,APPLE,iPhone 11 (2020) ,Smartphone,6.1,128 GB,White,399.,https://www.mediamarkt.ch/de/product/_apple-iphone-11-2020-2028729.html,new,2024-04-06,2028729,(16),4.8,"Bestellbar, Auslieferung in 1-2 Werktagen"
2,APPLE,iPhone 15 ,Smartphone,6.1,128 GB,Green,719.,https://www.mediamarkt.ch/de/product/_apple-iphone-15-2203375.html,new,2024-04-06,2203375,(3),5.0,Auslieferung in 1-2 Werktagen
2,APPLE,iPhone 15 Pro ,Smartphone,6.1,128 GB,Black Titanium,933.,https://www.mediamarkt.ch/de/product/_apple-iphone-15-pro-2203403.html,new,2024-04-06,2203403,(28),4.9,Auslieferung in 1-2 Werktagen
2,APPLE,iPhone 13 ,Smartphone,6.1,128 GB,Blue,529.,https://www.mediamarkt.ch/de/product/_apple-iphone-13-2091439.html,new,2024-04-06,2091439,(3),4.7,Aktuell nicht lieferbar und kein Liefertermin vorhanden. Alle Angaben ohne Gewähr.
2,APPLE,iPhone 15 Pro Max ,Smartphone,6.7,512 GB,Natural Titanium,1360.,https://www.mediamarkt.ch/de/product/_apple-iphone-15-pro-max-2203433.html,new,2024-04-06,2203433,(6),5.0,"Wir bestellen für Sie den Artikel direkt beim Lieferanten. Sobald der Artikel verfügbar ist, werden Sie per E-Mail informiert."
2,NOTHING,phone (2a) ,Smartphone,6.7,256 GB,Weiss,379.95,https://www.mediamarkt.ch/de/product/_nothing-phone-2a-2223929.html,new,2024-04-06,2223929,(1),5.0,Das Produkt ist online ausverkauft.
2,XIAOMI,Redmi Note 13 Pro+ 5G ,Smartphone,6.67,512 GB,Midnight Black,413.95,https://www.mediamarkt.ch/de/product/_xiaomi-redmi-note-13-pro-5g-2220879.html,new,2024-04-06,2220879,(4),5.0,Auslieferung in 1-2 Werktagen
2,APPLE,iPhone 15 Pro ,Smartphone,6.1,128 GB,White Titanium,939.,https://www.mediamarkt.ch/de/product/_apple-iphone-15-pro-2203404.html,new,2024-04-06,2203404,(10),4.9,"Bestellbar, Auslieferung in 1-2 Werktagen"
2,APPLE,iPhone 14 ,Smartphone,6.1,128 GB,Blue,619.,https://www.mediamarkt.ch/de/product/_apple-iphone-14-2151029.html,new,2024-04-06,2151029,(12),4.8,"Bestellbar, Auslieferung in 1-2 Werktagen"
2,APPLE,iPhone 15 Pro Max ,Smartphone,6.7,512 GB,White Titanium,1393.,https://www.mediamarkt.ch/de/product/_apple-iphone-15-pro-max-2203432.html,new,2024-04-06,2203432,(0),,Aktuell nicht lieferbar und kein Liefertermin vorhanden. Alle Angaben ohne Gewähr.
2,APPLE,iPhone 13 ,Smartphone,6.1,128 GB,Green,529.,https://www.mediamarkt.ch/de/product/_apple-iphone-13-2118876.html,new,2024-04-06,2118876,(0),,Auslieferung in 1-2 Werktagen
3,SAMSUNG,Galaxy S23 ,Smartphone,6.1,256 GB,Green,694.,https://www.mediamarkt.ch/de/product/_samsung-galaxy-s23-2167361.html,new,2024-04-06,2167361,(273),4.4,Auslieferung in 1-2 Werktagen
3,SAMSUNG,Galaxy A55 5G ,Smartphone,6.6,128 GB,Awesome Navy,429.,https://www.mediamarkt.ch/de/product/_samsung-galaxy-a55-5g-2237050.html,new,2024-04-06,2237050,(0),,
3,XIAOMI,Redmi 9A ,Smartphone,6.53,32 GB,Granite Grey,79.9,https://www.mediamarkt.ch/de/product/_xiaomi-redmi-9a-2012628.html,new,2024-04-06,2012628,(17),4.2,Auslieferung in 1-4 Werktagen
3,APPLE,iPhone 15 Plus ,Smartphone,6.7,128 GB,Black,829.,https://www.mediamarkt.ch/de/product/_apple-iphone-15-plus-2203388.html,new,2024-04-06,2203388,(4),3.3,Auslieferung in 1-2 Werktagen
3,APPLE,iPhone 15 Pro ,Smartphone,6.1,512 GB,White Titanium,1256.,https://www.mediamarkt.ch/de/product/_apple-iphone-15-pro-2203414.html,new,2024-04-06,2203414,(0),,Aktuell nicht lieferbar und kein Liefertermin vorhanden. Alle Angaben ohne Gewähr.
3,APPLE,iPhone 13 ,Smartphone,6.1,128 GB,Pink,529.,https://www.mediamarkt.ch/de/product/_apple-iphone-13-2091433.html,new,2024-04-06,2091433,(2),5.0,"Wir bestellen für Sie den Artikel direkt beim Lieferanten. Sobald der Artikel verfügbar ist, werden Sie per E-Mail informiert."
3,APPLE,iPhone 15 Pro Max ,Smartphone,6.7,512 GB,Black Titanium,1376.,https://www.mediamarkt.ch/de/product/_apple-iphone-15-pro-max-2203431.html,new,2024-04-06,2203431,(5),5.0,Auslieferung in bis zu 7 Werktagen
3,SAMSUNG,Galaxy S24 Ultra ,Smartphone,6.8,512 GB,Titanium Black,1399.,https://www.mediamarkt.ch/de/product/_samsung-galaxy-s24-ultra-2220733.html,new,2024-04-06,2220733,(715),4.7,Auslieferung in bis zu 6 Werktagen
3,SAMSUNG,Galaxy A55 5G ,Smartphone,6.6,256 GB,Awesome Iceblue,479.,https://www.mediamarkt.ch/de/product/_samsung-galaxy-a55-5g-2237093.html,new,2024-04-06,2237093,(0),,Auslieferung in bis zu 6 Werktagen
3,SAMSUNG,Galaxy Z Flip5 ,Smartphone,6.7,512 GB,Cream,1118.,https://www.mediamarkt.ch/de/product/_samsung-galaxy-z-flip5-2193033.html,new,2024-04-06,2193033,(56),4.6,Auslieferung in bis zu 7 Werktagen
3,SAMSUNG,Galaxy A34 5G ,Smartphone,6.6,128 GB,Awesome Graphite,320.95,https://www.mediamarkt.ch/de/product/_samsung-galaxy-a34-5g-2173976.html,new,2024-04-06,,,,
3,SAMSUNG,Galaxy A54 5G ,Smartphone,6.4,128 GB,Awesome Graphite,299.,https://www.mediamarkt.ch/de/product/_samsung-galaxy-a54-5g-2173981.html,new,2024-04-06,,,,
3,XIAOMI,Redmi Note 13 5G ,Smartphone,6.67,256 GB,Arctic White,254.95,https://www.mediamarkt.ch/de/product/_xiaomi-redmi-note-13-5g-2220893.html,new,2024-04-06,2220893,(1),5.0,Auslieferung in bis zu 7 Werktagen
3,APPLE,iPhone 15 ,Smartphone,6.1,256 GB,Green,819.,https://www.mediamarkt.ch/de/product/_apple-iphone-15-2203381.html,new,2024-04-06,2203381,(1),5.0,Auslieferung in 1-2 Werktagen
3,APPLE,iPhone 14 Plus ,Smartphone,6.7,128 GB,Starlight,749.,https://www.mediamarkt.ch/de/product/_apple-iphone-14-plus-2151041.html,new,2024-04-06,2151041,(5),5.0,Auslieferung in bis zu 7 Werktagen
3,APPLE,iPhone 14 ,Smartphone,6.1,256 GB,Blue,749.,https://www.mediamarkt.ch/de/product/_apple-iphone-14-2151034.html,new,2024-04-06,2151034,(7),5.0,Auslieferung in 1-2 Werktagen
3,APPLE,iPhone 13 ,Smartphone,6.1,256 GB,Starlight,629.,https://www.mediamarkt.ch/de/product/_apple-iphone-13-2091353.html,new,2024-04-06,2091353,(6),4.8,Auslieferung in 1-4 Werktagen
3,NOTHING,phone (2) ,Smartphone,6.7,256 GB,Grau,549.,https://www.mediamarkt.ch/de/product/_nothing-phone-2-2189932.html,new,2024-04-06,2189932,(3),4.3,Auslieferung in 1-2 Werktagen
3,NOTHING,phone (2) ,Smartphone,6.7,256 GB,Weiss,549.,https://www.mediamarkt.ch/de/product/_nothing-phone-2-2189933.html,new,2024-04-06,2189933,(1),5.0,Auslieferung in 1-4 Werktagen
3,MOTOROLA,Moto G54 5G ,Smartphone,6.5,256 GB,Midnight Blue,171.95,https://www.mediamarkt.ch/de/product/_motorola-moto-g54-5g-2216177.html,new,2024-04-06,2216177,(21),4.9,"Bestellbar, Auslieferung in 1-2 Werktagen"
3,SAMSUNG,Galaxy S24+ ,Smartphone,6.7,256 GB,Onyx Black,915.,https://www.mediamarkt.ch/de/product/_samsung-galaxy-s24-2220719.html,new,2024-04-06,2220719,(160),4.5,"Wir bestellen für Sie den Artikel direkt beim Lieferanten. Sobald der Artikel verfügbar ist, werden Sie per E-Mail informiert."
3,SAMSUNG,Galaxy A55 5G ,Smartphone,6.6,256 GB,Awesome Lemon,479.,https://www.mediamarkt.ch/de/product/_samsung-galaxy-a55-5g-2237094.html,new,2024-04-06,2237094,(0),,Auslieferung in bis zu 6 Werktagen
3,SAMSUNG,Galaxy S24 Ultra ,Smartphone,6.8,256 GB,Titanium Black,1299.-1199.,https://www.mediamarkt.ch/de/product/_samsung-galaxy-s24-ultra-2220737.html,new,2024-04-06,2220737,(715),4.7,Auslieferung in bis zu 6 Werktagen
3,SAMSUNG,Galaxy S23 Ultra ,Smartphone,6.8,256 GB,Phantom Black,899.,https://www.mediamarkt.ch/de/product/_samsung-galaxy-s23-ultra-2167385.html,new,2024-04-06,2167385,(607),4.6,Das Produkt ist online ausverkauft.
4,XIAOMI,Redmi 13C ,Smartphone,6.74,128 GB,Clover Green,133.95,https://www.mediamarkt.ch/de/product/_xiaomi-redmi-13c-2219844.html,new,2024-04-06,2219844,(1),4.0,Auslieferung in bis zu 7 Werktagen
4,XIAOMI,Redmi Note 13 4G ,Smartphone,6.67,128 GB,Midnight Black,184.95,https://www.mediamarkt.ch/de/product/_xiaomi-redmi-note-13-4g-2220885.html,new,2024-04-06,2220885,(7),3.7,Auslieferung in 1-2 Werktagen
4,APPLE,iPhone 15 Pro ,Smartphone,6.1,128 GB,Blue Titanium,939.,https://www.mediamarkt.ch/de/product/_apple-iphone-15-pro-2203407.html,new,2024-04-06,2203407,(18),4.9,Auslieferung in 1-2 Werktagen
4,APPLE,iPhone 15 Pro ,Smartphone,6.1,512 GB,Blue Titanium,1236.,https://www.mediamarkt.ch/de/product/_apple-iphone-15-pro-2203417.html,new,2024-04-06,2203417,(4),4.8,Aktuell nicht lieferbar und kein Liefertermin vorhanden. Alle Angaben ohne Gewähr.
4,APPLE,iPhone 15 Pro Max ,Smartphone,6.7,256 GB,Blue Titanium,1145.,https://www.mediamarkt.ch/de/product/_apple-iphone-15-pro-max-2203430.html,new,2024-04-06,2203430,(15),4.9,"Bestellbar, Auslieferung in 1-2 Werktagen"
4,SAMSUNG,Galaxy A55 5G ,Smartphone,6.6,128 GB,Awesome Iceblue,429.,https://www.mediamarkt.ch/de/product/_samsung-galaxy-a55-5g-2237049.html,new,2024-04-06,2237049,(0),,Auslieferung in bis zu 10 Werktagen
4,XIAOMI,14 + Electric Scooter 4 Lite Swiss Edition Bundle ,Smartphone,6.36,512 GB,Jade Green,1099.,https://www.mediamarkt.ch/de/product/_xiaomi-14-electric-scooter-4-lite-swiss-edition-bundle-2238859.html,new,2024-04-06,2238859,(0),,Auslieferung in bis zu 7 Werktagen
4,APPLE,iPhone 14 Plus ,Smartphone,6.7,256 GB,Starlight,829.,https://www.mediamarkt.ch/de/product/_apple-iphone-14-plus-2151046.html,new,2024-04-06,2151046,(3),5.0,Auslieferung in bis zu 7 Werktagen
4,XIAOMI,Redmi A2 ,Smartphone,6.52,32 GB,Hellgrün,88.9,https://www.mediamarkt.ch/de/product/_xiaomi-redmi-a2-2178002.html,new,2024-04-06,2178002,(10),4.5,Aktuell nicht lieferbar und kein Liefertermin vorhanden. Alle Angaben ohne Gewähr.
4,MOTOROLA,Moto G13 ,Smartphone,6.5,128 GB,Matte Charcoal,129.95,https://www.mediamarkt.ch/de/product/_motorola-moto-g13-2180586.html,new,2024-04-06,2180586,(15),5.0,Auslieferung in 1-4 Werktagen
4,MOTOROLA,Moto E13 ,Smartphone,6.5,64 GB,Cosmic Black,99.95,https://www.mediamarkt.ch/de/product/_motorola-moto-e13-2180587.html,new,2024-04-06,2180587,(1),1.0,Auslieferung in 1-4 Werktagen
4,SAMSUNG,Galaxy A25 5G ,Smartphone,6.5,128 GB,Blue Black,259.9,https://www.mediamarkt.ch/de/product/_samsung-galaxy-a25-5g-2216505.html,new,2024-04-06,2216505,(5),4.6,"Bestellbar, Auslieferung in 1-2 Werktagen"
4,APPLE,iPhone 14 ,Smartphone,6.1,256 GB,Midnight,726.,https://www.mediamarkt.ch/de/product/_apple-iphone-14-2151030.html,new,2024-04-06,2151030,(5),5.0,"Bestellbar, Auslieferung in 1-2 Werktagen"
4,XIAOMI,Redmi Note 13 Pro+ 5G ,Smartphone,6.67,256 GB,Midnight Black,381.95,https://www.mediamarkt.ch/de/product/_xiaomi-redmi-note-13-pro-5g-2220882.html,new,2024-04-06,2220882,(0),,Auslieferung in 1-2 Werktagen
4,XIAOMI,Redmi Note 13 4G ,Smartphone,6.67,128 GB,Mint Green,173.9,https://www.mediamarkt.ch/de/product/_xiaomi-redmi-note-13-4g-2220886.html,new,2024-04-06,2220886,(3),4.7,Auslieferung in bis zu 7 Werktagen
4,GOOGLE,Pixel 8 Pro ,Smartphone,6.7,128 GB,Obsidian,921.,https://www.mediamarkt.ch/de/product/_google-pixel-8-pro-2214719.html,new,2024-04-06,2214719,(11),4.5,"Wir bestellen für Sie den Artikel direkt beim Lieferanten. Sobald der Artikel verfügbar ist, werden Sie per E-Mail informiert."
4,SAMSUNG,XCover6 Pro Enterprise Edition ,Smartphone,6.6,128 GB,Schwarz,417.95,https://www.mediamarkt.ch/de/product/_samsung-xcover6-pro-enterprise-edition-2140676.html,new,2024-04-06,2140676,(2),3.0,"Wir bestellen für Sie den Artikel direkt beim Lieferanten. Sobald der Artikel verfügbar ist, werden Sie per E-Mail informiert."
4,SAMSUNG,Galaxy S23 ,Smartphone,6.1,256 GB,Phantom Black,661.,https://www.mediamarkt.ch/de/product/_samsung-galaxy-s23-2167365.html,new,2024-04-06,2167365,(273),4.4,Auslieferung in 1-2 Werktagen
4,SAMSUNG,Galaxy A55 5G ,Smartphone,6.6,128 GB,Awesome Lilac,429.,https://www.mediamarkt.ch/de/product/_samsung-galaxy-a55-5g-2237051.html,new,2024-04-06,2237051,(0),,Auslieferung in 1-2 Werktagen
4,SAMSUNG,Galaxy A35 5G ,Smartphone,6.6,128 GB,Awesome Lilac,359.,https://www.mediamarkt.ch/de/product/_samsung-galaxy-a35-5g-2237047.html,new,2024-04-06,2237047,(0),,
4,SAMSUNG,Galaxy A54 5G ,Smartphone,6.4,256 GB,Awesome Violet,439.9,https://www.mediamarkt.ch/de/product/_samsung-galaxy-a54-5g-2177750.html,new,2024-04-06,2177750,(308),4.4,Auslieferung in 1-4 Werktagen
4,SAMSUNG,Galaxy A35 5G ,Smartphone,6.6,128 GB,Awesome Navy,359.,https://www.mediamarkt.ch/de/product/_samsung-galaxy-a35-5g-2237046.html,new,2024-04-06,2237046,(0),,
4,DORO,6820 ,Klapphandy,,,DORO 6820 - Klapphandy (Rot/Weiss,84.95,https://www.mediamarkt.ch/de/product/_doro-6820-2119154.html,new,2024-04-06,2119154,(1),3.0,Auslieferung in bis zu 7 Werktagen
4,FAIRPHONE,5 5G ,Smartphone,6.46,256 GB,Transparent Edition,606.,https://www.mediamarkt.ch/de/product/_fairphone-5-5g-2195008.html,new,2024-04-06,2195008,(4),4.8,Auslieferung in 1-2 Werktagen
5,APPLE,iPhone 14 Plus ,Smartphone,6.7,256 GB,Purple,829.,https://www.mediamarkt.ch/de/product/_apple-iphone-14-plus-2151047.html,new,2024-04-06,2151047,(2),5.0,"Wir bestellen für Sie den Artikel direkt beim Lieferanten. Sobald der Artikel verfügbar ist, werden Sie per E-Mail informiert."
5,APPLE,iPhone 15 Pro Max ,Smartphone,6.7,1 TB,White Titanium,1546.,https://www.mediamarkt.ch/de/product/_apple-iphone-15-pro-max-2203439.html,new,2024-04-06,2203439,(2),5.0,Aktuell nicht lieferbar und kein Liefertermin vorhanden. Alle Angaben ohne Gewähr.
5,SAMSUNG,Galaxy S23+ ,Smartphone,6.6,256 GB,Green,729.,https://www.mediamarkt.ch/de/product/_samsung-galaxy-s23-2167371.html,new,2024-04-06,2167371,(154),4.6,"Bestellbar, Auslieferung in 1-2 Werktagen"
5,APPLE,iPhone SE (2022) ,Smartphone,4.7,64 GB,"64 GB, (PRODUCT)RED",383.95,https://www.mediamarkt.ch/de/product/_apple-iphone-se-2022-2118899.html,new,2024-04-06,2118899,(3),5.0,Auslieferung in bis zu 6 Werktagen
5,APPLE,iPhone 13 ,Smartphone,6.1,256 GB,Green,629.,https://www.mediamarkt.ch/de/product/_apple-iphone-13-2118878.html,new,2024-04-06,2118878,(1),5.0,Auslieferung in 1-4 Werktagen
5,APPLE,iPhone 12 ,Smartphone,6.1,64 GB,Black,479.9,https://www.mediamarkt.ch/de/product/_apple-iphone-12-2028624.html,new,2024-04-06,2028624,(19),4.5,Auslieferung in 1-2 Werktagen
5,SAMSUNG,Galaxy S23 ,Smartphone,6.1,128 GB,Green,619.,https://www.mediamarkt.ch/de/product/_samsung-galaxy-s23-2167347.html,new,2024-04-06,2167347,(270),4.4,"Bestellbar, Auslieferung in 1-2 Werktagen"
5,SAMSUNG,Galaxy S24 Ultra ,Smartphone,6.8,512 GB,Titanium Violet,1399.,https://www.mediamarkt.ch/de/product/_samsung-galaxy-s24-ultra-2220735.html,new,2024-04-06,2220735,(714),4.7,Auslieferung in 1-2 Werktagen
5,SAMSUNG,Galaxy S23 Ultra ,Smartphone,6.8,512 GB,Green,987.,https://www.mediamarkt.ch/de/product/_samsung-galaxy-s23-ultra-2167389.html,new,2024-04-06,2167389,(613),4.6,Auslieferung in 1-2 Werktagen
5,SAMSUNG,Galaxy S24 Ultra ,Smartphone,6.8,512 GB,Titanium Yellow,1399.,https://www.mediamarkt.ch/de/product/_samsung-galaxy-s24-ultra-2220736.html,new,2024-04-06,2220736,(714),4.7,Auslieferung in bis zu 7 Werktagen
5,SAMSUNG,Galaxy S24 Ultra ,Smartphone,6.8,512 GB,Titanium Grey,1399.,https://www.mediamarkt.ch/de/product/_samsung-galaxy-s24-ultra-2220734.html,new,2024-04-06,2220734,(714),4.7,"Wir bestellen für Sie den Artikel direkt beim Lieferanten. Sobald der Artikel verfügbar ist, werden Sie per E-Mail informiert."
5,SAMSUNG,Galaxy S24+ ,Smartphone,6.7,512 GB,Onyx Black,1149.,https://www.mediamarkt.ch/de/product/_samsung-galaxy-s24-2220715.html,new,2024-04-06,2220715,(161),4.4,Auslieferung in bis zu 6 Werktagen
5,SAMSUNG,Galaxy S24 Ultra ,Smartphone,6.8,1 TB,Titanium Grey,1599.,https://www.mediamarkt.ch/de/product/_samsung-galaxy-s24-ultra-2220714.html,new,2024-04-06,2220714,(714),4.7,"Wir bestellen für Sie den Artikel direkt beim Lieferanten. Sobald der Artikel verfügbar ist, werden Sie per E-Mail informiert."
5,SAMSUNG,Galaxy A35 5G ,Smartphone,6.6,128 GB,Awesome Iceblue,359.,https://www.mediamarkt.ch/de/product/_samsung-galaxy-a35-5g-2237045.html,new,2024-04-06,2237045,(0),,
5,SAMSUNG,Galaxy S24+ ,Smartphone,6.7,512 GB,Cobalt Violet,1149.,https://www.mediamarkt.ch/de/product/_samsung-galaxy-s24-2220717.html,new,2024-04-06,2220717,(160),4.5,Auslieferung in bis zu 7 Werktagen
5,SAMSUNG,Galaxy S24+ ,Smartphone,6.7,256 GB,Cobalt Violet,949.,https://www.mediamarkt.ch/de/product/_samsung-galaxy-s24-2220721.html,new,2024-04-06,2220721,(160),4.5,Auslieferung in bis zu 7 Werktagen
5,XIAOMI,Redmi 13C ,Smartphone,6.74,256 GB,Midnight Black,152.95,https://www.mediamarkt.ch/de/product/_xiaomi-redmi-13c-2219846.html,new,2024-04-06,2219846,(0),,Auslieferung in 1-2 Werktagen
5,SAMSUNG,Galaxy XCover 5 Enterprise Edition ,Smartphone,5.3,64 GB,Schwarz,206.,https://www.mediamarkt.ch/de/product/_samsung-galaxy-xcover-5-enterprise-edition-2060202.html,new,2024-04-06,2060202,(18),3.3,Auslieferung in 1-4 Werktagen
5,APPLE,iPhone 13 ,Smartphone,6.1,256 GB,Blue,629.,https://www.mediamarkt.ch/de/product/_apple-iphone-13-2091358.html,new,2024-04-06,2091358,(11),5.0,"Wir bestellen für Sie den Artikel direkt beim Lieferanten. Sobald der Artikel verfügbar ist, werden Sie per E-Mail informiert."
5,APPLE,iPhone 14 ,Smartphone,6.1,128 GB,Yellow,619.,https://www.mediamarkt.ch/de/product/_apple-iphone-14-2176808.html,new,2024-04-06,2176808,(13),4.8,"Wir bestellen für Sie den Artikel direkt beim Lieferanten. Sobald der Artikel verfügbar ist, werden Sie per E-Mail informiert."
5,INOI,Note 13s ,Smartphone,6.95,256 GB,Grau,158.9,https://www.mediamarkt.ch/de/product/_inoi-note-13s-2190696.html,new,2024-04-06,2190696,(0),,Auslieferung in 1-2 Werktagen
5,SAMSUNG,Galaxy S24 ,Smartphone,6.2,256 GB,Onyx Black,899.,https://www.mediamarkt.ch/de/product/_samsung-galaxy-s24-2220723.html,new,2024-04-06,2220723,(245),4.3,Auslieferung in 1-4 Werktagen
5,XIAOMI,Redmi 12 ,Smartphone,6.79,128 GB,Midnight Black,144.95,https://www.mediamarkt.ch/de/product/_xiaomi-redmi-12-2203274.html,new,2024-04-06,2203274,(22),4.0,"Bestellbar, Auslieferung in 1-2 Werktagen"
5,SAMSUNG,Galaxy S23+ ,Smartphone,6.6,256 GB,Cream,729.,https://www.mediamarkt.ch/de/product/_samsung-galaxy-s23-2167370.html,new,2024-04-06,2167370,(154),4.6,Auslieferung in 1-2 Werktagen
6,APPLE,iPhone 15 Pro Max ,Smartphone,6.7,1 TB,Natural Titanium,1551.,https://www.mediamarkt.ch/de/product/_apple-iphone-15-pro-max-2203440.html,new,2024-04-06,2203440,(0),,Auslieferung in 1-2 Werktagen
6,APPLE,iPhone SE ,Smartphone,4.7,128 GB,Starlight,430.95,https://www.mediamarkt.ch/de/product/_apple-iphone-se-2118903.html,new,2024-04-06,2118903,(0),,Aktuell nicht lieferbar und kein Liefertermin vorhanden. Alle Angaben ohne Gewähr.
6,APPLE,iPhone SE (2022) ,Smartphone,4.7,256 GB,Midnight,579.,https://www.mediamarkt.ch/de/product/_apple-iphone-se-2022-2118906.html,new,2024-04-06,2118906,(2),5.0,Aktuell nicht lieferbar und kein Liefertermin vorhanden. Alle Angaben ohne Gewähr.
6,APPLE,iPhone 12 ,Smartphone,6.1,64 GB,Purple,479.95,https://www.mediamarkt.ch/de/product/_apple-iphone-12-2066506.html,new,2024-04-06,2066506,(5),5.0,Auslieferung in bis zu 6 Werktagen
6,APPLE,iPhone 15 Pro ,Smartphone,6.1,512 GB,Black Titanium,1244.,https://www.mediamarkt.ch/de/product/_apple-iphone-15-pro-2203413.html,new,2024-04-06,2203413,(4),4.3,Auslieferung in 1-2 Werktagen
6,APPLE,iPhone 15 Plus ,Smartphone,6.7,256 GB,Black,929.,https://www.mediamarkt.ch/de/product/_apple-iphone-15-plus-2203393.html,new,2024-04-06,2203393,(1),5.0,"Wir bestellen für Sie den Artikel direkt beim Lieferanten. Sobald der Artikel verfügbar ist, werden Sie per E-Mail informiert."
6,SAMSUNG,Galaxy S23 ,Smartphone,6.1,256 GB,Lavender,699.,https://www.mediamarkt.ch/de/product/_samsung-galaxy-s23-2167363.html,new,2024-04-06,2167363,(272),4.4,Auslieferung in bis zu 6 Werktagen
6,EMPORIA,SUPEReasy ,Smartphone,,,EMPORIA SUPEReasy - Smartphone (Schwarz,209.70,https://www.mediamarkt.ch/de/product/_emporia-supereasy-2127635.html,new,2024-04-06,2127635,(0),,"Bestellbar, Auslieferung in 1-2 Werktagen"
6,SAMSUNG,Galaxy S24+ ,Smartphone,6.7,512 GB,Marble Grey,1149.,https://www.mediamarkt.ch/de/product/_samsung-galaxy-s24-2220716.html,new,2024-04-06,2220716,(160),4.5,Auslieferung in 1-2 Werktagen
6,SAMSUNG,Galaxy S24 Ultra ,Smartphone,6.8,256 GB,Titanium Grey,1299.-1199.,https://www.mediamarkt.ch/de/product/_samsung-galaxy-s24-ultra-2220738.html,new,2024-04-06,2220738,(714),4.7,Auslieferung in bis zu 7 Werktagen
6,SAMSUNG,Galaxy S24 Ultra ,Smartphone,6.8,256 GB,Titanium Yellow,1169.,https://www.mediamarkt.ch/de/product/_samsung-galaxy-s24-ultra-2220740.html,new,2024-04-06,2220740,(714),4.7,Auslieferung in 1-2 Werktagen
6,SAMSUNG,Galaxy A54 5G ,Smartphone,6.4,256 GB,Awesome White,439.9,https://www.mediamarkt.ch/de/product/_samsung-galaxy-a54-5g-2177748.html,new,2024-04-06,2177748,(307),4.4,Auslieferung in 1-2 Werktagen
6,SAMSUNG,Galaxy A35 5G ,Smartphone,6.6,256 GB,Awesome Lemon,419.,https://www.mediamarkt.ch/de/product/_samsung-galaxy-a35-5g-2242305.html,new,2024-04-06,2242305,(1),5.0,Auslieferung in bis zu 10 Werktagen
6,SAMSUNG,Galaxy Z Fold5 ,Smartphone,7.6,512 GB,Icy Blue,1778.,https://www.mediamarkt.ch/de/product/_samsung-galaxy-z-fold5-2193025.html,new,2024-04-06,2193025,(49),4.3,Auslieferung in bis zu 10 Werktagen
6,SAMSUNG,Galaxy A15 4G ,Smartphone,6.5,128 GB,Yellow,169.9,https://www.mediamarkt.ch/de/product/_samsung-galaxy-a15-4g-2221379.html,new,2024-04-06,2221379,(0),,
6,XIAOMI,Redmi Note 13 4G ,Smartphone,6.67,256 GB,Midnight Black,222.95,https://www.mediamarkt.ch/de/product/_xiaomi-redmi-note-13-4g-2220888.html,new,2024-04-06,2220888,(0),,Auslieferung in bis zu 6 Werktagen
6,XIAOMI,14 + Electric Scooter 4 Lite Swiss Edition Bundle ,Smartphone,6.36,512 GB,Black,1099.,https://www.mediamarkt.ch/de/product/_xiaomi-14-electric-scooter-4-lite-swiss-edition-bundle-2238856.html,new,2024-04-06,2238856,(0),,Auslieferung in 1-2 Werktagen
6,ONE,PLUS Nord CE 3 Lite 5G ,Smartphone,6.72,128 GB,Chromatic Gray,313.9,https://www.mediamarkt.ch/de/product/_one-plus-nord-ce-3-lite-5g-2180208.html,new,2024-04-06,2180208,(0),,Auslieferung in 1-2 Werktagen
6,XIAOMI,Redmi 13C ,Smartphone,6.74,128 GB,Navy Blue,133.95,https://www.mediamarkt.ch/de/product/_xiaomi-redmi-13c-2219839.html,new,2024-04-06,2219839,(3),5.0,"Wir bestellen für Sie den Artikel direkt beim Lieferanten. Sobald der Artikel verfügbar ist, werden Sie per E-Mail informiert."
6,SAMSUNG,Galaxy A54 5G ,Smartphone,6.4,128 GB,Awesome Violet,299.,https://www.mediamarkt.ch/de/product/_samsung-galaxy-a54-5g-2173982.html,new,2024-04-06,,,,
6,EMPORIA,TOUCHsmart.2 ,Smartphone,,,EMPORIA TOUCHsmart.2 - Smartphone (Schwarz/Silber,119.9,https://www.mediamarkt.ch/de/product/_emporia-touchsmart-2-2110132.html,new,2024-04-06,2110132,(7),2.6,Auslieferung in 1-2 Werktagen
6,APPLE,iPhone 15 Pro Max ,Smartphone,6.7,1 TB,Black Titanium,1556.,https://www.mediamarkt.ch/de/product/_apple-iphone-15-pro-max-2203435.html,new,2024-04-06,2203435,(0),,Auslieferung in 1-2 Werktagen
6,SAMSUNG,Galaxy A34 5G ,Smartphone,6.6,256 GB,Awesome Silver,369.70,https://www.mediamarkt.ch/de/product/_samsung-galaxy-a34-5g-2176866.html,new,2024-04-06,2176866,(210),4.3,Auslieferung in 1-2 Werktagen
6,APPLE,iPhone 14 Plus ,Smartphone,6.7,256 GB,Midnight,829.,https://www.mediamarkt.ch/de/product/_apple-iphone-14-plus-2151045.html,new,2024-04-06,2151045,(5),5.0,Auslieferung in bis zu 7 Werktagen
7,APPLE,iPhone 14 Plus ,Smartphone,6.7,128 GB,Purple,749.,https://www.mediamarkt.ch/de/product/_apple-iphone-14-plus-2151042.html,new,2024-04-06,2151042,(6),5.0,Auslieferung in 1-2 Werktagen
7,XIAOMI,13T ,Smartphone,6.67,256 GB,Black,551.,https://www.mediamarkt.ch/de/product/_xiaomi-13t-2203283.html,new,2024-04-06,2203283,(8),4.5,Auslieferung in bis zu 7 Werktagen
7,APPLE,iPhone 14 Plus ,Smartphone,6.7,512 GB,Midnight,1026.,https://www.mediamarkt.ch/de/product/_apple-iphone-14-plus-2151050.html,new,2024-04-06,2151050,(3),3.7,Aktuell nicht lieferbar und kein Liefertermin vorhanden. Alle Angaben ohne Gewähr.
7,XIAOMI,Redmi Note 13 Pro 4G ,Smartphone,6.67,256 GB,Midnight Black,296.95,https://www.mediamarkt.ch/de/product/_xiaomi-redmi-note-13-pro-4g-2220894.html,new,2024-04-06,2220894,(1),5.0,"Wir bestellen für Sie den Artikel direkt beim Lieferanten. Sobald der Artikel verfügbar ist, werden Sie per E-Mail informiert."
7,XIAOMI,Redmi Note 13 Pro 5G ,Smartphone,6.67,256 GB,Ocean Teal,356.95,https://www.mediamarkt.ch/de/product/_xiaomi-redmi-note-13-pro-5g-2220898.html,new,2024-04-06,2220898,(6),4.7,"Wir bestellen für Sie den Artikel direkt beim Lieferanten. Sobald der Artikel verfügbar ist, werden Sie per E-Mail informiert."
7,XIAOMI,Redmi Note 13 Pro 5G ,Smartphone,6.67,256 GB,Midnight Black,349.9,https://www.mediamarkt.ch/de/product/_xiaomi-redmi-note-13-pro-5g-2220897.html,new,2024-04-06,2220897,(5),4.0,Auslieferung in 1-2 Werktagen
7,XIAOMI,Redmi Note 13 Pro+ 5G ,Smartphone,6.67,256 GB,Aurora Purple,399.95,https://www.mediamarkt.ch/de/product/_xiaomi-redmi-note-13-pro-5g-2220884.html,new,2024-04-06,2220884,(0),,Auslieferung in bis zu 6 Werktagen
7,SAMSUNG,Galaxy S24 ,Smartphone,6.2,256 GB,Amber Yellow,899.,https://www.mediamarkt.ch/de/product/_samsung-galaxy-s24-2220726.html,new,2024-04-06,2220726,(245),4.3,Auslieferung in 1-2 Werktagen
7,SAMSUNG,Galaxy S24 ,Smartphone,6.2,128 GB,Onyx Black,716.,https://www.mediamarkt.ch/de/product/_samsung-galaxy-s24-2220727.html,new,2024-04-06,2220727,(245),4.3,"Wir bestellen für Sie den Artikel direkt beim Lieferanten. Sobald der Artikel verfügbar ist, werden Sie per E-Mail informiert."
7,APPLE,iPhone SE ,Smartphone,4.7,128 GB,"128 GB, (PRODUCT)RED",430.95,https://www.mediamarkt.ch/de/product/_apple-iphone-se-2118904.html,new,2024-04-06,2118904,(1),5.0,Aktuell nicht lieferbar und kein Liefertermin vorhanden. Alle Angaben ohne Gewähr.
7,APPLE,iPhone 15 Pro ,Smartphone,6.1,1 TB,Black Titanium,1448.,https://www.mediamarkt.ch/de/product/_apple-iphone-15-pro-2203418.html,new,2024-04-06,2203418,(1),5.0,Aktuell nicht lieferbar und kein Liefertermin vorhanden. Alle Angaben ohne Gewähr.
7,APPLE,iPhone 15 Plus ,Smartphone,6.7,128 GB,Blue,829.,https://www.mediamarkt.ch/de/product/_apple-iphone-15-plus-2203391.html,new,2024-04-06,2203391,(6),5.0,"Wir bestellen für Sie den Artikel direkt beim Lieferanten. Sobald der Artikel verfügbar ist, werden Sie per E-Mail informiert."
7,APPLE,iPhone 15 Plus ,Smartphone,6.7,256 GB,Yellow,929.,https://www.mediamarkt.ch/de/product/_apple-iphone-15-plus-2203395.html,new,2024-04-06,2203395,(0),,Auslieferung in 1-4 Werktagen
7,MOTOROLA,Moto G30 ,Smartphone,6.5,128 GB,Dark Pearl,223.95,https://www.mediamarkt.ch/de/product/_motorola-moto-g30-2076214.html,new,2024-04-06,2076214,(0),,Auslieferung in bis zu 7 Werktagen
7,SAMSUNG,Galaxy S23 ,Smartphone,6.1,256 GB,Cream,699.,https://www.mediamarkt.ch/de/product/_samsung-galaxy-s23-2167357.html,new,2024-04-06,2167357,(270),4.4,"Bestellbar, Auslieferung in 1-2 Werktagen"
7,SAMSUNG,Galaxy S24+ ,Smartphone,6.7,512 GB,Amber Yellow,1149.,https://www.mediamarkt.ch/de/product/_samsung-galaxy-s24-2220718.html,new,2024-04-06,2220718,(160),4.5,Das Produkt ist online ausverkauft.
7,SAMSUNG,Galaxy S24 ,Smartphone,6.2,128 GB,Cobalt Violet,704.,https://www.mediamarkt.ch/de/product/_samsung-galaxy-s24-2220729.html,new,2024-04-06,2220729,(245),4.3,Auslieferung in 1-2 Werktagen
7,SAMSUNG,Galaxy S24 ,Smartphone,6.2,128 GB,Amber Yellow,749.,https://www.mediamarkt.ch/de/product/_samsung-galaxy-s24-2220730.html,new,2024-04-06,2220730,(245),4.3,Auslieferung in 1-2 Werktagen
7,SAMSUNG,Galaxy S24 Ultra ,Smartphone,6.8,256 GB,Titanium Violet,1169.,https://www.mediamarkt.ch/de/product/_samsung-galaxy-s24-ultra-2220739.html,new,2024-04-06,2220739,(714),4.7,Auslieferung in bis zu 6 Werktagen
7,SAMSUNG,Galaxy A55 5G ,Smartphone,6.6,128 GB,Awesome Lemon,429.,https://www.mediamarkt.ch/de/product/_samsung-galaxy-a55-5g-2237052.html,new,2024-04-06,2237052,(0),,
7,SAMSUNG,Galaxy S23 ,Smartphone,6.1,128 GB,Cream,629.,https://www.mediamarkt.ch/de/product/_samsung-galaxy-s23-2167340.html,new,2024-04-06,,,,
7,XIAOMI,Redmi 12C ,Smartphone,6.71,64 GB,Mint Green,144.95,https://www.mediamarkt.ch/de/product/_xiaomi-redmi-12c-2178005.html,new,2024-04-06,,,,
7,SAMSUNG,Galaxy S23 Ultra ,Smartphone,6.8,256 GB,Green,899.,https://www.mediamarkt.ch/de/product/_samsung-galaxy-s23-ultra-2167382.html,new,2024-04-06,2167382,(605),4.6,"Bestellbar, Auslieferung in 1-2 Werktagen"
7,SAMSUNG,Galaxy A35 5G ,Smartphone,6.6,256 GB,Awesome Iceblue,419.9,https://www.mediamarkt.ch/de/product/_samsung-galaxy-a35-5g-2242300.html,new,2024-04-06,2242300,(1),5.0,Aktuell nicht lieferbar und kein Liefertermin vorhanden. Alle Angaben ohne Gewähr.
8,SAMSUNG,Galaxy S23+ ,Smartphone,6.6,512 GB,Phantom Black,849.,https://www.mediamarkt.ch/de/product/_samsung-galaxy-s23-2167378.html,new,2024-04-06,,,,
8,SAMSUNG,Galaxy A35 5G ,Smartphone,6.6,256 GB,Awesome Lilac,419.95,https://www.mediamarkt.ch/de/product/_samsung-galaxy-a35-5g-2242333.html,new,2024-04-06,2242333,(0),,Auslieferung in bis zu 10 Werktagen
8,SAMSUNG,Galaxy Z Fold5 ,Smartphone,7.6,256 GB,Icy Blue,1590.,https://www.mediamarkt.ch/de/product/_samsung-galaxy-z-fold5-2193040.html,new,2024-04-06,,,,
8,SAMSUNG,Galaxy Z Flip5 ,Smartphone,6.7,256 GB,Mint,1011.,https://www.mediamarkt.ch/de/product/_samsung-galaxy-z-flip5-2193032.html,new,2024-04-06,2193032,(55),4.5,Auslieferung in bis zu 7 Werktagen
8,SAMSUNG,Galaxy Z Flip5 ,Smartphone,6.7,512 GB,Mint,1018.,https://www.mediamarkt.ch/de/product/_samsung-galaxy-z-flip5-2193036.html,new,2024-04-06,2193036,(57),4.6,Auslieferung in 1-2 Werktagen
8,SAMSUNG,Galaxy Z Fold5 ,Smartphone,7.6,512 GB,Phantom Black,1710.,https://www.mediamarkt.ch/de/product/_samsung-galaxy-z-fold5-2193041.html,new,2024-04-06,,,,
8,DORO,5860 ,Mobiltelefon,,,DORO 5860 - Mobiltelefon (Schwarz/Weiss,75.95,https://www.mediamarkt.ch/de/product/_doro-5860-2119150.html,new,2024-04-06,2119150,(1),1.0,Auslieferung in bis zu 7 Werktagen
8,XIAOMI,Redmi 13C ,Smartphone,6.74,256 GB,Clover Green,152.95,https://www.mediamarkt.ch/de/product/_xiaomi-redmi-13c-2219847.html,new,2024-04-06,2219847,(0),,Auslieferung in bis zu 7 Werktagen
8,NOKIA,G22 ,Smartphone,6.52,64 GB,Meteor Grey,154.9,https://www.mediamarkt.ch/de/product/_nokia-g22-2175509.html,new,2024-04-06,2175509,(0),,
8,APPLE,iPhone 14 Plus ,Smartphone,6.7,128 GB,Blue,739.,https://www.mediamarkt.ch/de/product/_apple-iphone-14-plus-2151044.html,new,2024-04-06,2151044,(6),5.0,Aktuell nicht lieferbar und kein Liefertermin vorhanden. Alle Angaben ohne Gewähr.
8,XIAOMI,13T Pro ,Smartphone,6.67,1 TB,Alpine Blue,893.,https://www.mediamarkt.ch/de/product/_xiaomi-13t-pro-2203278.html,new,2024-04-06,2203278,(0),,
8,XIAOMI,Redmi A2 ,Smartphone,6.52,32 GB,Hellblau,88.9,https://www.mediamarkt.ch/de/product/_xiaomi-redmi-a2-2178003.html,new,2024-04-06,2178003,(6),4.2,Aktuell nicht lieferbar und kein Liefertermin vorhanden. Alle Angaben ohne Gewähr.
8,SAMSUNG,Galaxy A25 5G ,Smartphone,6.5,128 GB,Blue,269.95,https://www.mediamarkt.ch/de/product/_samsung-galaxy-a25-5g-2216496.html,new,2024-04-06,2216496,(5),4.6,"Bestellbar, Auslieferung in 1-2 Werktagen"
8,APPLE,iPhone 14 Plus ,Smartphone,6.7,512 GB,Deep Purple,1026.,https://www.mediamarkt.ch/de/product/_apple-iphone-14-plus-2151052.html,new,2024-04-06,2151052,(2),5.0,Auslieferung in bis zu 7 Werktagen
8,SAMSUNG,Galaxy S23 FE ,Smartphone,6.4,128 GB,Cream,619.,https://www.mediamarkt.ch/de/product/_samsung-galaxy-s23-fe-2216485.html,new,2024-04-06,2216485,(2),3.0,Auslieferung in 1-2 Werktagen
8,SAMSUNG,Galaxy S23 FE ,Smartphone,6.4,128 GB,Mint,619.,https://www.mediamarkt.ch/de/product/_samsung-galaxy-s23-fe-2216483.html,new,2024-04-06,2216483,(2),3.0,Auslieferung in 1-2 Werktagen
8,APPLE,iPhone 14 Plus ,Smartphone,6.7,128 GB,Midnight,749.,https://www.mediamarkt.ch/de/product/_apple-iphone-14-plus-2151040.html,new,2024-04-06,2151040,(5),4.8,Auslieferung in 1-2 Werktagen
8,SAMSUNG,Galaxy S23 FE ,Smartphone,6.4,256 GB,Purple,629.,https://www.mediamarkt.ch/de/product/_samsung-galaxy-s23-fe-2216489.html,new,2024-04-06,2216489,(3),3.7,Auslieferung in 1-4 Werktagen
8,SAMSUNG,Galaxy S23 FE ,Smartphone,6.4,256 GB,Graphite,618.,https://www.mediamarkt.ch/de/product/_samsung-galaxy-s23-fe-2216487.html,new,2024-04-06,2216487,(2),3.0,Auslieferung in 1-2 Werktagen
8,RUGGEAR,RG360 ,Smartphone,,8 GB,Schwarz,122.95,https://www.mediamarkt.ch/de/product/_ruggear-rg360-2053578.html,new,2024-04-06,2053578,(0),,Auslieferung in bis zu 7 Werktagen
8,APPLE,iPhone 14 ,Smartphone,6.1,512 GB,Midnight,931.,https://www.mediamarkt.ch/de/product/_apple-iphone-14-2151035.html,new,2024-04-06,2151035,(0),,Auslieferung in 1-2 Werktagen
8,APPLE,iPhone 14 ,Smartphone,6.1,256 GB,"256 GB, (PRODUCT)RED",739.-699.,https://www.mediamarkt.ch/de/product/_apple-iphone-14-2151033.html,new,2024-04-06,2151033,(5),5.0,"Bestellbar, Auslieferung in 1-2 Werktagen"
8,INOI,A72 ,Smartphone,6.5,64 GB,Violett,119.95,https://www.mediamarkt.ch/de/product/_inoi-a72-2190692.html,new,2024-04-06,2190692,(0),,Aktuell nicht lieferbar und kein Liefertermin vorhanden. Alle Angaben ohne Gewähr.
8,INOI,A72 ,Smartphone,6.5,64 GB,Grau,115.9,https://www.mediamarkt.ch/de/product/_inoi-a72-2190691.html,new,2024-04-06,2190691,(0),,Auslieferung in bis zu 7 Werktagen
9,DORO,8200 PLUS ,Smartphone,6.1,64 GB,Dunkelblau,283.95,https://www.mediamarkt.ch/de/product/_doro-8200-plus-2198411.html,new,2024-04-06,2198411,(0),,Auslieferung in bis zu 7 Werktagen
9,APPLE,iPhone 14 Plus ,Smartphone,6.7,128 GB,Yellow,749.,https://www.mediamarkt.ch/de/product/_apple-iphone-14-plus-2176811.html,new,2024-04-06,2176811,(4),5.0,Aktuell nicht lieferbar und kein Liefertermin vorhanden. Alle Angaben ohne Gewähr.
9,DORO,8200 ,Smartphone,6.1,64 GB,Dunkelblau,295.9,https://www.mediamarkt.ch/de/product/_doro-8200-2198408.html,new,2024-04-06,2198408,(0),,Auslieferung in bis zu 7 Werktagen
9,INOI,A63 ,Smartphone,6.5,32 GB,Schwarz,96.95,https://www.mediamarkt.ch/de/product/_inoi-a63-2190687.html,new,2024-04-06,2190687,(1),5.0,Auslieferung in bis zu 7 Werktagen
9,APPLE,iPhone 13 ,Smartphone,6.1,256 GB,Pink,629.,https://www.mediamarkt.ch/de/product/_apple-iphone-13-2091355.html,new,2024-04-06,2091355,(0),,Aktuell nicht lieferbar und kein Liefertermin vorhanden. Alle Angaben ohne Gewähr.
9,APPLE,iPhone 13 ,Smartphone,6.1,256 GB,"256 GB, (PRODUCT)RED",625.,https://www.mediamarkt.ch/de/product/_apple-iphone-13-2091356.html,new,2024-04-06,2091356,(0),,"Wir bestellen für Sie den Artikel direkt beim Lieferanten. Sobald der Artikel verfügbar ist, werden Sie per E-Mail informiert."
9,XIAOMI,Redmi Note 13 5G ,Smartphone,6.67,256 GB,Ocean Teal,266.95,https://www.mediamarkt.ch/de/product/_xiaomi-redmi-note-13-5g-2220892.html,new,2024-04-06,2220892,(4),4.8,Auslieferung in bis zu 7 Werktagen
9,XIAOMI,Redmi Note 13 Pro+ 5G ,Smartphone,6.67,512 GB,Aurora Purple,424.95,https://www.mediamarkt.ch/de/product/_xiaomi-redmi-note-13-pro-5g-2220881.html,new,2024-04-06,2220881,(2),4.0,Auslieferung in 1-2 Werktagen
9,XIAOMI,Redmi Note 13 Pro 4G ,Smartphone,6.67,256 GB,Forest Green,312.9,https://www.mediamarkt.ch/de/product/_xiaomi-redmi-note-13-pro-4g-2220895.html,new,2024-04-06,2220895,(1),5.0,Auslieferung in bis zu 7 Werktagen
9,APPLE,iPhone 12 ,Smartphone,6.1,128 GB,Purple,529.,https://www.mediamarkt.ch/de/product/_apple-iphone-12-2066507.html,new,2024-04-06,2066507,(8),4.8,Aktuell nicht lieferbar und kein Liefertermin vorhanden. Alle Angaben ohne Gewähr.
9,XIAOMI,Redmi Note 13 Pro 5G ,Smartphone,6.67,256 GB,Aurora Purple,341.95,https://www.mediamarkt.ch/de/product/_xiaomi-redmi-note-13-pro-5g-2220899.html,new,2024-04-06,2220899,(0),,Auslieferung in 1-2 Werktagen
9,MOTOROLA,Razr 40 Ultra ,Smartphone,6.9,256 GB,Viva Magenta,1075.,https://www.mediamarkt.ch/de/product/_motorola-razr-40-ultra-2189432.html,new,2024-04-06,,,,
9,SAMSUNG,Galaxy S24+ ,Smartphone,6.7,256 GB,Amber Yellow,949.,https://www.mediamarkt.ch/de/product/_samsung-galaxy-s24-2220722.html,new,2024-04-06,2220722,(160),4.5,"Wir bestellen für Sie den Artikel direkt beim Lieferanten. Sobald der Artikel verfügbar ist, werden Sie per E-Mail informiert."
9,XIAOMI,Redmi 12 ,Smartphone,6.79,256 GB,Sky Blue,204.95,https://www.mediamarkt.ch/de/product/_xiaomi-redmi-12-2203272.html,new,2024-04-06,2203272,(1),5.0,Aktuell nicht lieferbar und kein Liefertermin vorhanden. Alle Angaben ohne Gewähr.
9,SAMSUNG,Galaxy S24 ,Smartphone,6.2,256 GB,Cobalt Violet,899.,https://www.mediamarkt.ch/de/product/_samsung-galaxy-s24-2220725.html,new,2024-04-06,2220725,(246),4.3,"Bestellbar, Auslieferung in 1-2 Werktagen"
9,SAMSUNG,Galaxy S24 ,Smartphone,6.2,128 GB,Marble Grey,706.,https://www.mediamarkt.ch/de/product/_samsung-galaxy-s24-2220728.html,new,2024-04-06,2220728,(245),4.3,Auslieferung in 1-2 Werktagen
9,APPLE,iPhone SE (2022) ,Smartphone,4.7,256 GB,Starlight,567.,https://www.mediamarkt.ch/de/product/_apple-iphone-se-2022-2118907.html,new,2024-04-06,2118907,(0),,Auslieferung in 1-2 Werktagen
9,APPLE,iPhone 15 Plus ,Smartphone,6.7,512 GB,Blue,1149.,https://www.mediamarkt.ch/de/product/_apple-iphone-15-plus-2203401.html,new,2024-04-06,2203401,(0),,Auslieferung in 1-2 Werktagen
9,APPLE,iPhone 12 ,Smartphone,6.1,128 GB,White,529.,https://www.mediamarkt.ch/de/product/_apple-iphone-12-2028654.html,new,2024-04-06,2028654,(16),4.7,Auslieferung in 1-2 Werktagen
9,APPLE,iPhone 15 ,Smartphone,6.1,512 GB,Black,1026.,https://www.mediamarkt.ch/de/product/_apple-iphone-15-2203382.html,new,2024-04-06,2203382,(1),3.0,Auslieferung in 1-2 Werktagen
9,APPLE,iPhone 15 Pro ,Smartphone,6.1,1 TB,Natural Titanium,1445.,https://www.mediamarkt.ch/de/product/_apple-iphone-15-pro-2203421.html,new,2024-04-06,2203421,(1),5.0,"Wir bestellen für Sie den Artikel direkt beim Lieferanten. Sobald der Artikel verfügbar ist, werden Sie per E-Mail informiert."
9,APPLE,iPhone 15 Pro ,Smartphone,6.1,512 GB,Natural Titanium,1264.,https://www.mediamarkt.ch/de/product/_apple-iphone-15-pro-2203415.html,new,2024-04-06,2203415,(1),5.0,Aktuell nicht lieferbar und kein Liefertermin vorhanden. Alle Angaben ohne Gewähr.
9,APPLE,iPhone 15 Pro ,Smartphone,6.1,1 TB,White Titanium,1459.,https://www.mediamarkt.ch/de/product/_apple-iphone-15-pro-2203419.html,new,2024-04-06,2203419,(0),,Auslieferung in 1-2 Werktagen
9,APPLE,iPhone 15 Plus ,Smartphone,6.7,128 GB,Green,829.,https://www.mediamarkt.ch/de/product/_apple-iphone-15-plus-2203392.html,new,2024-04-06,2203392,(1),5.0,Auslieferung in 1-4 Werktagen
10,NOKIA,G42 5G ,Smartphone,6.56,128 GB,So Grey,206.95,https://www.mediamarkt.ch/de/product/_nokia-g42-5g-2192169.html,new,2024-04-06,2192169,(3),4.7,Auslieferung in 1-2 Werktagen
10,GOOGLE,Pixel 8 ,Smartphone,6.2,128 GB,Obsidian,654.,https://www.mediamarkt.ch/de/product/_google-pixel-8-2214716.html,new,2024-04-06,2214716,(26),4.5,Auslieferung in 1-2 Werktagen
10,APPLE,iPhone 13 ,Smartphone,6.1,128 GB,"128 GB, (PRODUCT)RED",539.,https://www.mediamarkt.ch/de/product/_apple-iphone-13-2091436.html,new,2024-04-06,2091436,(5),4.8,"Wir bestellen für Sie den Artikel direkt beim Lieferanten. Sobald der Artikel verfügbar ist, werden Sie per E-Mail informiert."
10,APPLE,iPhone 15 Plus ,Smartphone,6.7,256 GB,Green,929.,https://www.mediamarkt.ch/de/product/_apple-iphone-15-plus-2203397.html,new,2024-04-06,2203397,(0),,Auslieferung in 1-4 Werktagen
10,XIAOMI,13 Pro ,Smartphone,6.73,256 GB,Ceramic White,1225.,https://www.mediamarkt.ch/de/product/_xiaomi-13-pro-2175506.html,new,2024-04-06,2175506,(0),,"Wir bestellen für Sie den Artikel direkt beim Lieferanten. Sobald der Artikel verfügbar ist, werden Sie per E-Mail informiert."
10,APPLE,iPhone 15 Plus ,Smartphone,6.7,512 GB,Black,1123.,https://www.mediamarkt.ch/de/product/_apple-iphone-15-plus-2203398.html,new,2024-04-06,2203398,(0),,Auslieferung in 1-2 Werktagen
10,SAMSUNG,Galaxy S24 Ultra ,Smartphone,6.8,1 TB,Titanium Black,1599.,https://www.mediamarkt.ch/de/product/_samsung-galaxy-s24-ultra-2220713.html,new,2024-04-06,2220713,(714),4.7,"Wir bestellen für Sie den Artikel direkt beim Lieferanten. Sobald der Artikel verfügbar ist, werden Sie per E-Mail informiert."
10,EMPORIA,JOY,Klapphandy,,,EMPORIA JOY- LTE (4G) - Klapphandy (Schwarz,89.95,https://www.mediamarkt.ch/de/product/_emporia-joy-lte-4g-2114079.html,new,2024-04-06,2114079,(0),,
10,MOTOROLA,Moto G82 5G ,Smartphone,6.6,128 GB,Meteorite Gray,322.9,https://www.mediamarkt.ch/de/product/_motorola-moto-g82-5g-2134534.html,new,2024-04-06,2134534,(0),,Auslieferung in bis zu 7 Werktagen
10,XIAOMI,Redmi Note 12 4G ,Smartphone,6.67,64 GB,Onyx Gray,185.95,https://www.mediamarkt.ch/de/product/_xiaomi-redmi-note-12-4g-2195956.html,new,2024-04-06,,,,
10,MOTOROLA,Moto G22 ,Smartphone,6.5,64 GB,Cosmic Black,204.95,https://www.mediamarkt.ch/de/product/_motorola-moto-g22-2134530.html,new,2024-04-06,2134530,(0),,Auslieferung in bis zu 7 Werktagen
10,OPPO,A58 ,Smartphone,6.72,128 GB,Dazzling Green,129.7,https://www.mediamarkt.ch/de/product/_oppo-a58-2202444.html,new,2024-04-06,2202444,(0),,
10,CROSSCALL,STELLAR,Smartphone,6.497,128 GB,Schwarz,845.,https://www.mediamarkt.ch/de/product/_crosscall-stellar-x5-2219743.html,new,2024-04-06,2219743,(0),,Auslieferung in bis zu 7 Werktagen
10,SAMSUNG,Galaxy S23 ,Smartphone,6.1,128 GB,Lavender,615.,https://www.mediamarkt.ch/de/product/_samsung-galaxy-s23-2167349.html,new,2024-04-06,,,,
10,SAMSUNG,Galaxy S22 Ultra 5G ,Smartphone,6.8,256 GB,Phantom Black,947.,https://www.mediamarkt.ch/de/product/_samsung-galaxy-s22-ultra-5g-2109393.html,new,2024-04-06,2109393,(148),4.3,Der Artikel ist nicht mehr verfügbar. Prüfen Sie die Marktverfügbarkeit
10,XIAOMI,Redmi Note 12 Pro 5G ,Smartphone,6.67,128 GB,Polar White,356.95,https://www.mediamarkt.ch/de/product/_xiaomi-redmi-note-12-pro-5g-2215826.html,new,2024-04-06,2215826,(0),,Auslieferung in bis zu 7 Werktagen
10,SAMSUNG,Galaxy S23 Ultra ,Smartphone,6.8,512 GB,Cream,997.,https://www.mediamarkt.ch/de/product/_samsung-galaxy-s23-ultra-2167388.html,new,2024-04-06,,,,
10,MOTOROLA,Edge 20 Pro ,Smartphone,6.7,256 GB,Blue Vegan Leather,538.,https://www.mediamarkt.ch/de/product/_motorola-edge-20-pro-2095383.html,new,2024-04-06,,,,
10,SAMSUNG,Galaxy A35 5G ,Smartphone,6.6,128 GB,Awesome Lemon,359.,https://www.mediamarkt.ch/de/product/_samsung-galaxy-a35-5g-2237048.html,new,2024-04-06,2237048,(0),,
10,XIAOMI,Redmi 12C ,Smartphone,6.71,64 GB,Graphite Gray,133.95,https://www.mediamarkt.ch/de/product/_xiaomi-redmi-12c-2178006.html,new,2024-04-06,,,,
10,SAMSUNG,Galaxy S23 Ultra ,Smartphone,6.8,256 GB,Cream,899.,https://www.mediamarkt.ch/de/product/_samsung-galaxy-s23-ultra-2167380.html,new,2024-04-06,2167380,(605),4.6,"Bestellbar, Auslieferung in 1-2 Werktagen"
10,XIAOMI,Redmi 12C ,Smartphone,6.71,64 GB,Ocean Blue,133.95,https://www.mediamarkt.ch/de/product/_xiaomi-redmi-12c-2178007.html,new,2024-04-06,,,,
10,SAMSUNG,Galaxy S24+ ,Smartphone,6.7,256 GB,Marble Grey,949.,https://www.mediamarkt.ch/de/product/_samsung-galaxy-s24-2220720.html,new,2024-04-06,2220720,(160),4.5,Auslieferung in 1-2 Werktagen
10,SAMSUNG,Galaxy A35 5G ,Smartphone,6.6,256 GB,Awesome Navy,419.9,https://www.mediamarkt.ch/de/product/_samsung-galaxy-a35-5g-2242341.html,new,2024-04-06,2242341,(0),,Auslieferung in bis zu 10 Werktagen
11,XIAOMI,Redmi Note 13 4G ,Smartphone,6.67,256 GB,Mint Green,222.95,https://www.mediamarkt.ch/de/product/_xiaomi-redmi-note-13-4g-2220889.html,new,2024-04-06,2220889,(0),,Auslieferung in bis zu 7 Werktagen
11,XIAOMI,Redmi Note 13 4G ,Smartphone,6.67,128 GB,Ice Blue,178.95,https://www.mediamarkt.ch/de/product/_xiaomi-redmi-note-13-4g-2220887.html,new,2024-04-06,2220887,(3),3.0,Auslieferung in bis zu 7 Werktagen
11,SAMSUNG,Galaxy Z Flip5 ,Smartphone,6.7,256 GB,Graphite,1011.,https://www.mediamarkt.ch/de/product/_samsung-galaxy-z-flip5-2193030.html,new,2024-04-06,2193030,(55),4.5,Auslieferung in bis zu 7 Werktagen
11,SAMSUNG,Galaxy Z Fold4 ,Smartphone,7.6,256 GB,Phantom Black,1837.,https://www.mediamarkt.ch/de/product/_samsung-galaxy-z-fold4-2141921.html,new,2024-04-06,2141921,(55),4.1,Der Artikel ist nicht mehr verfügbar. Prüfen Sie die Marktverfügbarkeit
11,EMPORIA,SMART.5mini ,Smartphone,4.95,64 GB,Schwarz,175.95,https://www.mediamarkt.ch/de/product/_emporia-smart-5mini-2192175.html,new,2024-04-06,2192175,(0),,Auslieferung in bis zu 7 Werktagen
11,SAMSUNG,Galaxy Z Fold5 ,Smartphone,7.6,256 GB,Phantom Black,1608.,https://www.mediamarkt.ch/de/product/_samsung-galaxy-z-fold5-2193037.html,new,2024-04-06,,,,
11,NOKIA,C21 Plus ,Smartphone,6.517,32 GB,Dark Cyan,84.70,https://www.mediamarkt.ch/de/product/_nokia-c21-plus-2127663.html,new,2024-04-06,2127663,(1),5.0,Der Artikel ist nicht mehr verfügbar. Prüfen Sie die Marktverfügbarkeit
11,SAMSUNG,Galaxy Z Fold5 ,Smartphone,7.6,256 GB,Cream,1693.,https://www.mediamarkt.ch/de/product/_samsung-galaxy-z-fold5-2193038.html,new,2024-04-06,,,,
11,SAMSUNG,Galaxy Z Fold5 ,Smartphone,7.6,512 GB,Cream,1899.,https://www.mediamarkt.ch/de/product/_samsung-galaxy-z-fold5-2193042.html,new,2024-04-06,,,,
11,ONE,PLUS Nord CE 3 Lite 5G ,Smartphone,6.72,128 GB,Pastel Lime,314.95,https://www.mediamarkt.ch/de/product/_one-plus-nord-ce-3-lite-5g-2180209.html,new,2024-04-06,2180209,(0),,Auslieferung in bis zu 6 Werktagen
11,DORO,6880 ,Klapphandy,,,DORO 6880 - Klapphandy (Schwarz/Weiss,97.95,https://www.mediamarkt.ch/de/product/_doro-6880-2119156.html,new,2024-04-06,2119156,(0),,
11,DORO,6880 ,Klapphandy,,,DORO 6880 - Klapphandy (Rot/Weiss,99.9,https://www.mediamarkt.ch/de/product/_doro-6880-2119157.html,new,2024-04-06,2119157,(0),,
11,DORO,5860 ,Mobiltelefon,,,DORO 5860 - Mobiltelefon (Grau,81.95,https://www.mediamarkt.ch/de/product/_doro-5860-2119151.html,new,2024-04-06,2119151,(1),4.0,Auslieferung in bis zu 7 Werktagen
11,WIKO,Y52 ,Smartphone,,16 GB,Deep Blue,49.70,https://www.mediamarkt.ch/de/product/_wiko-y52-2127285.html,new,2024-04-06,2127285,(2),1.5,Der Artikel ist nicht mehr verfügbar. Prüfen Sie die Marktverfügbarkeit
11,DORO,8100 PLUS ,Smartphone,6.1,32 GB,Graphit,242.,https://www.mediamarkt.ch/de/product/_doro-8100-plus-2119149.html,new,2024-04-06,2119149,(0),,Auslieferung in 1-2 Werktagen
11,XIAOMI,Redmi 13C ,Smartphone,6.74,256 GB,Navy Blue,160.95,https://www.mediamarkt.ch/de/product/_xiaomi-redmi-13c-2219845.html,new,2024-04-06,2219845,(0),,Auslieferung in bis zu 7 Werktagen
11,NOKIA,C32 ,Smartphone,6.517,64 GB,Charcoal,129.95,https://www.mediamarkt.ch/de/product/_nokia-c32-2181891.html,new,2024-04-06,2181891,(0),,Auslieferung in 1-2 Werktagen
11,NOKIA,G22 ,Smartphone,6.52,64 GB,Lagoon Blue,154.,https://www.mediamarkt.ch/de/product/_nokia-g22-2175510.html,new,2024-04-06,2175510,(1),5.0,"Bestellbar, Auslieferung in 1-2 Werktagen"
11,SAMSUNG,Galaxy S21 FE 5G ,Smartphone,6.4,128 GB,Graphite,567.,https://www.mediamarkt.ch/de/product/_samsung-galaxy-s21-fe-5g-2105599.html,new,2024-04-06,2105599,(27),4.1,Der Artikel ist nicht mehr verfügbar. Prüfen Sie die Marktverfügbarkeit
11,APPLE,iPhone 14 Plus ,Smartphone,6.7,256 GB,"256 GB, (PRODUCT)RED",829.,https://www.mediamarkt.ch/de/product/_apple-iphone-14-plus-2151048.html,new,2024-04-06,2151048,(2),5.0,"Wir bestellen für Sie den Artikel direkt beim Lieferanten. Sobald der Artikel verfügbar ist, werden Sie per E-Mail informiert."
11,FAIRPHONE,4 5G ,Smartphone,6.3,128 GB,Grau,449.9,https://www.mediamarkt.ch/de/product/_fairphone-4-5g-2093552.html,new,2024-04-06,2093552,(4),4.0,Auslieferung in bis zu 7 Werktagen
11,SAMSUNG,Galaxy A54 5G ,Smartphone,6.4,256 GB,Awesome Graphite,449.95,https://www.mediamarkt.ch/de/product/_samsung-galaxy-a54-5g-2176862.html,new,2024-04-06,,,,
11,APPLE,iPhone 14 Plus ,Smartphone,6.7,512 GB,Blue,1026.,https://www.mediamarkt.ch/de/product/_apple-iphone-14-plus-2151054.html,new,2024-04-06,2151054,(2),5.0,Aktuell nicht lieferbar und kein Liefertermin vorhanden. Alle Angaben ohne Gewähr.
11,APPLE,iPhone 14 Plus ,Smartphone,6.7,128 GB,"128 GB, (PRODUCT)RED",737.,https://www.mediamarkt.ch/de/product/_apple-iphone-14-plus-2151043.html,new,2024-04-06,2151043,(3),5.0,Auslieferung in 1-2 Werktagen
12,XIAOMI,13T Pro ,Smartphone,6.67,512 GB,Meadow Green,804.,https://www.mediamarkt.ch/de/product/_xiaomi-13t-pro-2203281.html,new,2024-04-06,2203281,(2),3.0,Auslieferung in bis zu 7 Werktagen
12,SAMSUNG,Galaxy S23 FE ,Smartphone,6.4,256 GB,Cream,618.,https://www.mediamarkt.ch/de/product/_samsung-galaxy-s23-fe-2216491.html,new,2024-04-06,2216491,(2),3.0,Auslieferung in 1-4 Werktagen
12,XIAOMI,13T Pro ,Smartphone,6.67,512 GB,Black,763.,https://www.mediamarkt.ch/de/product/_xiaomi-13t-pro-2203279.html,new,2024-04-06,2203279,(1),3.0,"Wir bestellen für Sie den Artikel direkt beim Lieferanten. Sobald der Artikel verfügbar ist, werden Sie per E-Mail informiert."
12,SAMSUNG,Galaxy S23 FE ,Smartphone,6.4,128 GB,Graphite,619.,https://www.mediamarkt.ch/de/product/_samsung-galaxy-s23-fe-2216482.html,new,2024-04-06,2216482,(2),3.0,Auslieferung in 1-2 Werktagen
12,DORO,8050 (mit Ladestation + Handyhülle) ,Smartphone,5.45,16 GB,Schwarz/Blau,229.70,https://www.mediamarkt.ch/de/product/_doro-8050-mit-ladestation-handyh%C3%BClle-1980442.html,new,2024-04-06,1980442,(0),,Auslieferung in 1-2 Werktagen
12,XIAOMI,13T Pro ,Smartphone,6.67,512 GB,Alpine Blue,804.,https://www.mediamarkt.ch/de/product/_xiaomi-13t-pro-2203282.html,new,2024-04-06,2203282,(1),5.0,"Wir bestellen für Sie den Artikel direkt beim Lieferanten. Sobald der Artikel verfügbar ist, werden Sie per E-Mail informiert."
12,APPLE,iPhone 14 Plus ,Smartphone,6.7,512 GB,"512 GB, (PRODUCT)RED",1026.,https://www.mediamarkt.ch/de/product/_apple-iphone-14-plus-2151053.html,new,2024-04-06,2151053,(2),5.0,Aktuell nicht lieferbar und kein Liefertermin vorhanden. Alle Angaben ohne Gewähr.
12,XIAOMI,13T ,Smartphone,6.67,256 GB,Alpine Blue,580.,https://www.mediamarkt.ch/de/product/_xiaomi-13t-2203285.html,new,2024-04-06,2203285,(0),,
12,XIAOMI,13T ,Smartphone,6.67,256 GB,Meadow Green,580.,https://www.mediamarkt.ch/de/product/_xiaomi-13t-2203284.html,new,2024-04-06,2203284,(3),4.3,Auslieferung in bis zu 7 Werktagen
12,XIAOMI,13T Pro ,Smartphone,6.67,1 TB,Black,893.,https://www.mediamarkt.ch/de/product/_xiaomi-13t-pro-2203276.html,new,2024-04-06,2203276,(0),,Auslieferung in bis zu 7 Werktagen
12,SAMSUNG,Galaxy S23 FE ,Smartphone,6.4,128 GB,Purple,619.,https://www.mediamarkt.ch/de/product/_samsung-galaxy-s23-fe-2216484.html,new,2024-04-06,2216484,(2),3.0,Auslieferung in 1-2 Werktagen
12,ONE,PLUS 11 5G ,Smartphone,6.7,256 GB,Titan Black,829.,https://www.mediamarkt.ch/de/product/_one-plus-11-5g-2171795.html,new,2024-04-06,2171795,(1),5.0,Auslieferung in 1-2 Werktagen
12,APPLE,iPhone 14 Plus ,Smartphone,6.7,512 GB,Starlight,1026.,https://www.mediamarkt.ch/de/product/_apple-iphone-14-plus-2151051.html,new,2024-04-06,2151051,(2),5.0,Aktuell nicht lieferbar und kein Liefertermin vorhanden. Alle Angaben ohne Gewähr.
12,ONE,PLUS 11 5G ,Smartphone,6.7,128 GB,Titan Black,792.,https://www.mediamarkt.ch/de/product/_one-plus-11-5g-2171793.html,new,2024-04-06,2171793,(0),,Auslieferung in bis zu 7 Werktagen
12,APPLE,iPhone 14 ,Smartphone,6.1,512 GB,Blue,931.,https://www.mediamarkt.ch/de/product/_apple-iphone-14-2151039.html,new,2024-04-06,2151039,(1),5.0,Auslieferung in 1-2 Werktagen
12,MOTOROLA,Moto G32 ,Smartphone,6.5,128 GB,Mineral Grey,174.95,https://www.mediamarkt.ch/de/product/_motorola-moto-g32-2161925.html,new,2024-04-06,2161925,(0),,Auslieferung in bis zu 7 Werktagen
12,SAMSUNG,Galaxy S23 FE ,Smartphone,6.4,256 GB,Mint,626.,https://www.mediamarkt.ch/de/product/_samsung-galaxy-s23-fe-2216488.html,new,2024-04-06,2216488,(2),3.0,Auslieferung in bis zu 7 Werktagen
12,APPLE,iPhone 14 ,Smartphone,6.1,512 GB,Purple,931.,https://www.mediamarkt.ch/de/product/_apple-iphone-14-2151037.html,new,2024-04-06,2151037,(0),,Aktuell nicht lieferbar und kein Liefertermin vorhanden. Alle Angaben ohne Gewähr.
12,APPLE,iPhone 14 ,Smartphone,6.1,512 GB,"512 GB, (PRODUCT)RED",931.,https://www.mediamarkt.ch/de/product/_apple-iphone-14-2151038.html,new,2024-04-06,2151038,(0),,Aktuell nicht lieferbar und kein Liefertermin vorhanden. Alle Angaben ohne Gewähr.
12,SAMSUNG,Galaxy A25 5G ,Smartphone,6.5,128 GB,Yellow,269.95,https://www.mediamarkt.ch/de/product/_samsung-galaxy-a25-5g-2216507.html,new,2024-04-06,2216507,(5),4.6,"Bestellbar, Auslieferung in 1-2 Werktagen"
12,APPLE,iPhone 14 ,Smartphone,6.1,512 GB,Starlight,1013.,https://www.mediamarkt.ch/de/product/_apple-iphone-14-2151036.html,new,2024-04-06,2151036,(0),,Aktuell nicht lieferbar und kein Liefertermin vorhanden. Alle Angaben ohne Gewähr.
12,APPLE,iPhone 13 ,Smartphone,6.1,512 GB,Starlight,835.,https://www.mediamarkt.ch/de/product/_apple-iphone-13-2091361.html,new,2024-04-06,2091361,(0),,Aktuell nicht lieferbar und kein Liefertermin vorhanden. Alle Angaben ohne Gewähr.
12,INOI,A62 ,Smartphone,6.1,64 GB,Schwarz,89.95,https://www.mediamarkt.ch/de/product/_inoi-a62-2190679.html,new,2024-04-06,2190679,(0),,
12,APPLE,iPhone 13 ,Smartphone,6.1,512 GB,"512 GB, (PRODUCT)RED",835.,https://www.mediamarkt.ch/de/product/_apple-iphone-13-2091364.html,new,2024-04-06,2091364,(2),5.0,Aktuell nicht lieferbar und kein Liefertermin vorhanden. Alle Angaben ohne Gewähr.
13,APPLE,iPhone 14 ,Smartphone,6.1,256 GB,Starlight,749.,https://www.mediamarkt.ch/de/product/_apple-iphone-14-2151031.html,new,2024-04-06,2151031,(5),5.0,Auslieferung in 1-2 Werktagen
13,INOI,A63 ,Smartphone,6.5,32 GB,Blau,93.95,https://www.mediamarkt.ch/de/product/_inoi-a63-2190688.html,new,2024-04-06,2190688,(0),,Auslieferung in 1-2 Werktagen
13,APPLE,iPhone 13 ,Smartphone,6.1,512 GB,Blue,835.,https://www.mediamarkt.ch/de/product/_apple-iphone-13-2091365.html,new,2024-04-06,2091365,(0),,Aktuell nicht lieferbar und kein Liefertermin vorhanden. Alle Angaben ohne Gewähr.
13,APPLE,iPhone 14 ,Smartphone,6.1,256 GB,Yellow,749.,https://www.mediamarkt.ch/de/product/_apple-iphone-14-2176809.html,new,2024-04-06,2176809,(5),5.0,"Wir bestellen für Sie den Artikel direkt beim Lieferanten. Sobald der Artikel verfügbar ist, werden Sie per E-Mail informiert."
13,DORO,8200 SECURE ,Smartphone,6.1,64 GB,Dunkelblau,358.95,https://www.mediamarkt.ch/de/product/_doro-8200-secure-2198416.html,new,2024-04-06,2198416,(0),,Auslieferung in bis zu 7 Werktagen
13,APPLE,iPhone 14 Plus ,Smartphone,6.7,256 GB,Yellow,829.,https://www.mediamarkt.ch/de/product/_apple-iphone-14-plus-2176812.html,new,2024-04-06,2176812,(2),5.0,Aktuell nicht lieferbar und kein Liefertermin vorhanden. Alle Angaben ohne Gewähr.
13,INOI,A83 ,Smartphone,6.52,128 GB,Schwarz,129.95,https://www.mediamarkt.ch/de/product/_inoi-a83-2190693.html,new,2024-04-06,2190693,(0),,Auslieferung in 1-2 Werktagen
13,MOTOROLA,Moto G100 ,Smartphone,6.7,128 GB,Iridescent Ocean,600.,https://www.mediamarkt.ch/de/product/_motorola-moto-g100-2076212.html,new,2024-04-06,2076212,(0),,Auslieferung in bis zu 7 Werktagen
13,XIAOMI,Redmi Note 11 ,Smartphone,6.43,128 GB,Graphite Grey,169.7,https://www.mediamarkt.ch/de/product/_xiaomi-redmi-note-11-2112524.html,new,2024-04-06,2112524,(44),4.1,Der Artikel ist nicht mehr verfügbar. Prüfen Sie die Marktverfügbarkeit
13,XIAOMI,Redmi Note 13 4G ,Smartphone,6.67,256 GB,Ice Blue,222.95,https://www.mediamarkt.ch/de/product/_xiaomi-redmi-note-13-4g-2220890.html,new,2024-04-06,2220890,(0),,Auslieferung in bis zu 6 Werktagen
13,XIAOMI,Redmi Note 13 Pro+ 5G ,Smartphone,6.67,512 GB,Moonlight White,446.95,https://www.mediamarkt.ch/de/product/_xiaomi-redmi-note-13-pro-5g-2220880.html,new,2024-04-06,2220880,(1),2.0,"Wir bestellen für Sie den Artikel direkt beim Lieferanten. Sobald der Artikel verfügbar ist, werden Sie per E-Mail informiert."
13,APPLE,iPhone 13 ,Smartphone,6.1,256 GB,Midnight,649.,https://www.mediamarkt.ch/de/product/_apple-iphone-13-2091349.html,new,2024-04-06,2091349,(14),4.9,Auslieferung in 1-4 Werktagen
13,NOKIA,X30 5G ,Smartphone,6.43,128 GB,Ice White,429.95,https://www.mediamarkt.ch/de/product/_nokia-x30-5g-2161084.html,new,2024-04-06,2161084,(2),3.5,Auslieferung in bis zu 7 Werktagen
13,XIAOMI,13 Lite ,Smartphone,6.55,128 GB,Lite Blue,446.95,https://www.mediamarkt.ch/de/product/_xiaomi-13-lite-2176850.html,new,2024-04-06,2176850,(0),,Aktuell nicht lieferbar und kein Liefertermin vorhanden. Alle Angaben ohne Gewähr.
13,NOKIA,X30 5G ,Smartphone,6.43,256 GB,Cloudy Blue,431.9,https://www.mediamarkt.ch/de/product/_nokia-x30-5g-2161082.html,new,2024-04-06,2161082,(0),,Auslieferung in bis zu 7 Werktagen
13,MOTOROLA,Edge 30 Ultra ,Smartphone,6.67,256 GB,Interstellar Black,839.,https://www.mediamarkt.ch/de/product/_motorola-edge-30-ultra-2161930.html,new,2024-04-06,2161930,(1),1.0,Auslieferung in bis zu 7 Werktagen
13,MOTOROLA,Edge 30 Fusion ,Smartphone,6.55,128 GB,Quartz Black,699.,https://www.mediamarkt.ch/de/product/_motorola-edge-30-fusion-2161928.html,new,2024-04-06,2161928,(0),,Auslieferung in bis zu 7 Werktagen
13,XIAOMI,Redmi Note 13 Pro+ 5G ,Smartphone,6.67,256 GB,Moonlight White,399.9,https://www.mediamarkt.ch/de/product/_xiaomi-redmi-note-13-pro-5g-2220883.html,new,2024-04-06,2220883,(0),,Auslieferung in bis zu 7 Werktagen
13,PEAQ,PSP 400 ,Smartphone,4.95,32 GB,Schwarz/Silber,139.70,https://www.mediamarkt.ch/de/product/_peaq-psp-400-2059893.html,new,2024-04-06,2059893,(25),4.0,Das Produkt ist online ausverkauft.
13,MOTOROLA,Edge 30 ,Smartphone,6.5,128 GB,Meteor Grey,509.,https://www.mediamarkt.ch/de/product/_motorola-edge-30-2161926.html,new,2024-04-06,2161926,(0),,Auslieferung in bis zu 7 Werktagen
13,XIAOMI,13 ,Smartphone,6.36,256 GB,Weiss,893.,https://www.mediamarkt.ch/de/product/_xiaomi-13-2176848.html,new,2024-04-06,2176848,(2),5.0,"Wir bestellen für Sie den Artikel direkt beim Lieferanten. Sobald der Artikel verfügbar ist, werden Sie per E-Mail informiert."
13,MOTOROLA,Razr 40 ,Smartphone,6.9,256 GB,Vanilla Cream,736.,https://www.mediamarkt.ch/de/product/_motorola-razr-40-2189430.html,new,2024-04-06,,,,
13,NOKIA,G60 5G ,Smartphone,6.58,128 GB,Grau,239.70,https://www.mediamarkt.ch/de/product/_nokia-g60-5g-2161081.html,new,2024-04-06,2161081,(1),5.0,Auslieferung in 1-4 Werktagen
13,MOTOROLA,Moto E22i ,Smartphone,6.5,32 GB,Graphite Grey,149.9,https://www.mediamarkt.ch/de/product/_motorola-moto-e22i-2161924.html,new,2024-04-06,2161924,(0),,Auslieferung in bis zu 7 Werktagen
14,XIAOMI,Redmi Note 13 Pro 4G ,Smartphone,6.67,256 GB,Lavender Purple,312.95,https://www.mediamarkt.ch/de/product/_xiaomi-redmi-note-13-pro-4g-2220896.html,new,2024-04-06,2220896,(0),,Auslieferung in bis zu 7 Werktagen
14,CROSSCALL,CORE,Smartphone,6.08,64 GB,Schwarz,711.,https://www.mediamarkt.ch/de/product/_crosscall-core-z5-2162748.html,new,2024-04-06,2162748,(0),,Auslieferung in bis zu 7 Werktagen
14,NOTHING,phone (2) ,Smartphone,6.7,512 GB,Grau,649.,https://www.mediamarkt.ch/de/product/_nothing-phone-2-2189934.html,new,2024-04-06,2189934,(0),,"Wir bestellen für Sie den Artikel direkt beim Lieferanten. Sobald der Artikel verfügbar ist, werden Sie per E-Mail informiert."
14,MOTOROLA,Razr 40 ,Smartphone,6.9,256 GB,Sage Green,736.,https://www.mediamarkt.ch/de/product/_motorola-razr-40-2189431.html,new,2024-04-06,,,,
14,MOTOROLA,Razr 40 Ultra ,Smartphone,6.9,256 GB,Infinite Black,1004.,https://www.mediamarkt.ch/de/product/_motorola-razr-40-ultra-2189435.html,new,2024-04-06,,,,
14,MOTOROLA,Razr 40 Ultra ,Smartphone,6.9,256 GB,Glacier Blue,790.,https://www.mediamarkt.ch/de/product/_motorola-razr-40-ultra-2189433.html,new,2024-04-06,,,,
14,NOTHING,phone (2) ,Smartphone,6.7,512 GB,Weiss,649.,https://www.mediamarkt.ch/de/product/_nothing-phone-2-2189935.html,new,2024-04-06,2189935,(1),5.0,"Wir bestellen für Sie den Artikel direkt beim Lieferanten. Sobald der Artikel verfügbar ist, werden Sie per E-Mail informiert."
14,CROSSCALL,ACTION,Smartphone,5.45,64 GB,Schwarz,511.,https://www.mediamarkt.ch/de/product/_crosscall-action-x5-2111324.html,new,2024-04-06,2111324,(0),,Auslieferung in bis zu 7 Werktagen
14,MOTOROLA,Razr 40 ,Smartphone,6.9,256 GB,Summer Lilac,698.,https://www.mediamarkt.ch/de/product/_motorola-razr-40-2189429.html,new,2024-04-06,,,,
14,SAMSUNG,Galaxy S23+ ,Smartphone,6.6,512 GB,Lavender,849.,https://www.mediamarkt.ch/de/product/_samsung-galaxy-s23-2167377.html,new,2024-04-06,,,,
14,MOTOROLA,Edge 40 Neo ,Smartphone,6.55,256 GB,Caneel Bay,371.95,https://www.mediamarkt.ch/de/product/_motorola-edge-40-neo-2216176.html,new,2024-04-06,2216176,(0),,Aktuell nicht lieferbar und kein Liefertermin vorhanden. Alle Angaben ohne Gewähr.
14,SAMSUNG,Galaxy S23+ ,Smartphone,6.6,512 GB,Green,849.,https://www.mediamarkt.ch/de/product/_samsung-galaxy-s23-2167376.html,new,2024-04-06,,,,
14,XIAOMI,Redmi 12 ,Smartphone,6.79,256 GB,Polar Silver,204.95,https://www.mediamarkt.ch/de/product/_xiaomi-redmi-12-2203270.html,new,2024-04-06,2203270,(0),,Aktuell nicht lieferbar und kein Liefertermin vorhanden. Alle Angaben ohne Gewähr.
14,SAMSUNG,Galaxy S23+ ,Smartphone,6.6,512 GB,Cream,849.,https://www.mediamarkt.ch/de/product/_samsung-galaxy-s23-2167375.html,new,2024-04-06,,,,
14,MOTOROLA,Edge 40 Neo ,Smartphone,6.55,256 GB,Black Beauty,371.9,https://www.mediamarkt.ch/de/product/_motorola-edge-40-neo-2216174.html,new,2024-04-06,2216174,(18),5.0,Auslieferung in bis zu 7 Werktagen
14,MOTOROLA,Edge 40 Neo ,Smartphone,6.55,256 GB,Soothing Sea,371.95,https://www.mediamarkt.ch/de/product/_motorola-edge-40-neo-2216175.html,new,2024-04-06,2216175,(7),4.7,Auslieferung in bis zu 7 Werktagen
14,SAMSUNG,Galaxy S24 ,Smartphone,6.2,256 GB,Marble Grey,899.,https://www.mediamarkt.ch/de/product/_samsung-galaxy-s24-2220724.html,new,2024-04-06,2220724,(245),4.3,Auslieferung in 1-2 Werktagen
14,XIAOMI,Redmi 12 ,Smartphone,6.79,128 GB,Polar Silver,178.9,https://www.mediamarkt.ch/de/product/_xiaomi-redmi-12-2203273.html,new,2024-04-06,2203273,(7),4.9,Aktuell nicht lieferbar und kein Liefertermin vorhanden. Alle Angaben ohne Gewähr.
14,XIAOMI,Redmi 12 ,Smartphone,6.79,128 GB,Sky Blue,178.95,https://www.mediamarkt.ch/de/product/_xiaomi-redmi-12-2203275.html,new,2024-04-06,2203275,(15),4.3,Auslieferung in bis zu 7 Werktagen
14,APPLE,iPhone 13 ,Smartphone,6.1,512 GB,Green,835.,https://www.mediamarkt.ch/de/product/_apple-iphone-13-2118879.html,new,2024-04-06,2118879,(0),,Aktuell nicht lieferbar und kein Liefertermin vorhanden. Alle Angaben ohne Gewähr.
14,APPLE,iPhone 12 ,Smartphone,6.1,128 GB,Green,529.,https://www.mediamarkt.ch/de/product/_apple-iphone-12-2028661.html,new,2024-04-06,2028661,(4),4.8,Auslieferung in bis zu 7 Werktagen
14,APPLE,iPhone 15 Pro Max ,Smartphone,6.7,1 TB,Blue Titanium,1580.,https://www.mediamarkt.ch/de/product/_apple-iphone-15-pro-max-2203441.html,new,2024-04-06,2203441,(1),5.0,Aktuell nicht lieferbar und kein Liefertermin vorhanden. Alle Angaben ohne Gewähr.
14,OPPO,Reno8 Lite 5G ,Smartphone,6.43,128 GB,Rainbow Spectrum,179.70,https://www.mediamarkt.ch/de/product/_oppo-reno8-lite-5g-2131454.html,new,2024-04-06,2131454,(2),5.0,Der Artikel ist nicht mehr verfügbar. Prüfen Sie die Marktverfügbarkeit
14,APPLE,iPhone 12 ,Smartphone,6.1,128 GB,Black,529.,https://www.mediamarkt.ch/de/product/_apple-iphone-12-2028653.html,new,2024-04-06,2028653,(8),3.3,Auslieferung in 1-2 Werktagen
15,APPLE,iPhone 15 Plus ,Smartphone,6.7,512 GB,Yellow,1130.,https://www.mediamarkt.ch/de/product/_apple-iphone-15-plus-2203400.html,new,2024-04-06,2203400,(0),,Auslieferung in 1-2 Werktagen
15,APPLE,iPhone 15 Plus ,Smartphone,6.7,512 GB,Green,1149.,https://www.mediamarkt.ch/de/product/_apple-iphone-15-plus-2203402.html,new,2024-04-06,2203402,(0),,
15,APPLE,iPhone 12 ,Smartphone,6.1,64 GB,Green,479.9,https://www.mediamarkt.ch/de/product/_apple-iphone-12-2028652.html,new,2024-04-06,2028652,(4),4.8,Auslieferung in 1-2 Werktagen
15,XIAOMI,Redmi Note 11 Pro 4G ,Smartphone,6.67,128 GB,Graphite Grey,339.70,https://www.mediamarkt.ch/de/product/_xiaomi-redmi-note-11-pro-4g-2122548.html,new,2024-04-06,2122548,(8),4.5,Der Artikel ist nicht mehr verfügbar. Prüfen Sie die Marktverfügbarkeit
15,XIAOMI,Black Shark 2 Pro ,Smartphone,6.39,128 GB,Iceberg Grey,598.,https://www.mediamarkt.ch/de/product/_xiaomi-black-shark-2-pro-1971824.html,new,2024-04-06,1971824,(0),,Auslieferung in bis zu 7 Werktagen
15,APPLE,iPhone SE (2022) ,Smartphone,4.7,64 GB,Starlight,383.9,https://www.mediamarkt.ch/de/product/_apple-iphone-se-2022-2118898.html,new,2024-04-06,2118898,(6),5.0,Auslieferung in bis zu 6 Werktagen
15,APPLE,iPhone 15 ,Smartphone,6.1,512 GB,Yellow,1049.,https://www.mediamarkt.ch/de/product/_apple-iphone-15-2203384.html,new,2024-04-06,2203384,(0),,
15,APPLE,iPhone 15 ,Smartphone,6.1,512 GB,Pink,1039.,https://www.mediamarkt.ch/de/product/_apple-iphone-15-2203383.html,new,2024-04-06,2203383,(0),,Auslieferung in 1-2 Werktagen
15,APPLE,iPhone 15 ,Smartphone,6.1,512 GB,Blue,1059.,https://www.mediamarkt.ch/de/product/_apple-iphone-15-2203386.html,new,2024-04-06,2203386,(2),5.0,Auslieferung in 1-2 Werktagen
15,APPLE,iPhone 15 ,Smartphone,6.1,512 GB,Green,1049.,https://www.mediamarkt.ch/de/product/_apple-iphone-15-2203387.html,new,2024-04-06,2203387,(0),,Auslieferung in 1-2 Werktagen
15,APPLE,iPhone 14 ,Smartphone,6.1,128 GB,"128 GB, (PRODUCT)RED",621.,https://www.mediamarkt.ch/de/product/_apple-iphone-14-2151028.html,new,2024-04-06,2151028,(16),4.8,"Bestellbar, Auslieferung in 1-2 Werktagen"
15,APPLE,iPhone 15 Plus ,Smartphone,6.7,128 GB,Yellow,829.,https://www.mediamarkt.ch/de/product/_apple-iphone-15-plus-2203390.html,new,2024-04-06,2203390,(0),,
15,SAMSUNG,Galaxy S21 FE 5G ,Smartphone,6.4,128 GB,Olive,707.,https://www.mediamarkt.ch/de/product/_samsung-galaxy-s21-fe-5g-2105601.html,new,2024-04-06,2105601,(6),3.7,Der Artikel ist nicht mehr verfügbar. Prüfen Sie die Marktverfügbarkeit
15,APPLE,iPhone 15 Plus ,Smartphone,6.7,256 GB,Pink,929.,https://www.mediamarkt.ch/de/product/_apple-iphone-15-plus-2203394.html,new,2024-04-06,2203394,(2),5.0,"Wir bestellen für Sie den Artikel direkt beim Lieferanten. Sobald der Artikel verfügbar ist, werden Sie per E-Mail informiert."
15,XIAOMI,Redmi Note 12 Pro 4G ,Smartphone,6.67,256 GB,Glacier Blue,423.9,https://www.mediamarkt.ch/de/product/_xiaomi-redmi-note-12-pro-4g-2195958.html,new,2024-04-06,,,,
15,XIAOMI,POCO M5s ,Smartphone,6.43,64 GB,Blau,191.95,https://www.mediamarkt.ch/de/product/_xiaomi-poco-m5s-2152694.html,new,2024-04-06,2152694,(0),,Auslieferung in bis zu 7 Werktagen
15,XIAOMI,POCO M5s ,Smartphone,6.43,64 GB,Weiss,199.95,https://www.mediamarkt.ch/de/product/_xiaomi-poco-m5s-2152695.html,new,2024-04-06,2152695,(0),,Auslieferung in bis zu 7 Werktagen
15,XIAOMI,Redmi 10 ,Smartphone,6.5,128 GB,Carbon Grey,149.7,https://www.mediamarkt.ch/de/product/_xiaomi-redmi-10-2141006.html,new,2024-04-06,2141006,(10),3.4,"Bestellbar, Auslieferung in 1-2 Werktagen"
15,XIAOMI,13 Pro ,Smartphone,6.73,256 GB,Ceramic Black,1161.,https://www.mediamarkt.ch/de/product/_xiaomi-13-pro-2175507.html,new,2024-04-06,2175507,(2),5.0,Aktuell nicht lieferbar und kein Liefertermin vorhanden. Alle Angaben ohne Gewähr.
15,FAIRPHONE,4 5G ,Smartphone,6.3,256 GB,Grau,549.,https://www.mediamarkt.ch/de/product/_fairphone-4-5g-2093553.html,new,2024-04-06,2093553,(0),,Auslieferung in 1-2 Werktagen
15,XIAOMI,13 ,Smartphone,6.36,256 GB,Schwarz,893.,https://www.mediamarkt.ch/de/product/_xiaomi-13-2175508.html,new,2024-04-06,2175508,(6),4.2,Aktuell nicht lieferbar und kein Liefertermin vorhanden. Alle Angaben ohne Gewähr.
15,APPLE,iPhone 15 Plus ,Smartphone,6.7,512 GB,Pink,1173.,https://www.mediamarkt.ch/de/product/_apple-iphone-15-plus-2203399.html,new,2024-04-06,2203399,(0),,"Wir bestellen für Sie den Artikel direkt beim Lieferanten. Sobald der Artikel verfügbar ist, werden Sie per E-Mail informiert."
15,XIAOMI,Redmi Note 12 Pro 5G ,Smartphone,6.67,128 GB,Midnight Black,239.70,https://www.mediamarkt.ch/de/product/_xiaomi-redmi-note-12-pro-5g-2176856.html,new,2024-04-06,,,,
15,APPLE,iPhone 14 Pro ,Smartphone,6.1,256 GB,Deep Purple,797.,https://www.mediamarkt.ch/de/product/_apple-iphone-14-pro-2151062.html,new,2024-04-06,2151062,(19),4.7,Der Artikel ist nicht mehr verfügbar. Prüfen Sie die Marktverfügbarkeit
16,APPLE,iPhone 15 Pro ,Smartphone,6.1,1 TB,Blue Titanium,1485.,https://www.mediamarkt.ch/de/product/_apple-iphone-15-pro-2203423.html,new,2024-04-06,2203423,(3),4.7,Auslieferung in 1-2 Werktagen
16,APPLE,iPhone 12 ,Smartphone,6.1,64 GB,White,479.95,https://www.mediamarkt.ch/de/product/_apple-iphone-12-2028626.html,new,2024-04-06,2028626,(11),4.4,Auslieferung in 1-4 Werktagen
16,APPLE,iPhone 14 Plus ,Smartphone,6.7,256 GB,Blue,829.,https://www.mediamarkt.ch/de/product/_apple-iphone-14-plus-2151049.html,new,2024-04-06,2151049,(2),5.0,"Wir bestellen für Sie den Artikel direkt beim Lieferanten. Sobald der Artikel verfügbar ist, werden Sie per E-Mail informiert."
16,XIAOMI,Redmi Note 12 4G ,Smartphone,6.67,128 GB,Onyx Gray,159.70,https://www.mediamarkt.ch/de/product/_xiaomi-redmi-note-12-4g-2176859.html,new,2024-04-06,,,,
